Rule,Status,Demand / value,Limit / expectation,Engineering note
Input layout,OK,finite inputs and strand coordinates,"valid span, counts, positions and bonded zone",AASHTO LRFD 9th Edition · 5.9.4.3.3: Input validity is separate from detailing compliance.
Per-row debonded ratio — A,OK,y=75: 4/9=44.4%; y=130: 4/9=44.4%; y=185: 4/9=44.4%; y=240: 3/7=42.9%,≤ 45% per physical horizontal row unless Owner approves,AASHTO LRFD 9th Edition · 5.9.4.3.3: No Owner exception is assumed.
Total debonded ratio — I trigger,INFO,15/34 = 44.1%,25% triggers web-strand bonding; not an overall rejection limit,AASHTO LRFD 9th Edition · 5.9.4.3.3: The former generic 25%/40% screens are not the 9th Edition I-Girder limits.
Strands terminating per section — B,OK,x=2 m: 3 strands; x=3 m: 4 strands; x=4 m: 4 strands; x=5 m: 4 strands; x=15 m: 4 strands; x=16 m: 4 strands; x=17 m: 4 strands; x=18 m: 3 strands,≤ 6 strands per termination section,AASHTO LRFD 9th Edition · 5.9.4.3.3: Count individual strands across all groups at the same station.
Termination spacing — C,OK,minimum spacing 1.000 m,≥ 60db; use larger adjacent strand diameter,AASHTO LRFD 9th Edition · 5.9.4.3.3: Strand diameter must be known to close this screen.
Symmetric distribution and termination — D,OK,symmetric about member centerline and at both ends,symmetric strand pairs and terminations,AASHTO LRFD 9th Edition · 5.9.4.3.3: Individual paired strand coordinates are checked.
Alternating bonded/debonded positions — E,FAIL,vertical x=-165: Row 1 #2/Row 2 #2; vertical x=-55: Row 1 #4/Row 2 #4; vertical x=55: Row 1 #6/Row 2 #6; vertical x=165: Row 1 #8/Row 2 #8; vertical x=-165: Row 2 #2/Row 3 #2; vertical x=-55: Row 2 #4/Row 3 #4; vertical x=55: Row 2 #6/Row 3 #6; vertical x=165: Row 2 #8/Row 3 #8; vertical x=-165: Row 3 #2/Row 4 #1; vertical x=165: Row 3 #8/Row 4 #7,alternate horizontally and vertically,AASHTO LRFD 9th Edition · 5.9.4.3.3: Aligned adjacent rows are screened; staggered or irregular arrangements require drawing review.
Web projection strands fully bonded — I,FAIL,Row 1 #4 (x=-55 mm); Row 1 #6 (x=55 mm); Row 2 #4 (x=-55 mm); Row 2 #6 (x=55 mm); Row 3 #4 (x=-55 mm); Row 3 #6 (x=55 mm); Row 4 #4 (x=0 mm),all web-projection strands bonded if total >25% or bf/bw >4,AASHTO LRFD 9th Edition · 5.9.4.3.3: Uses actual x coordinates about the girder centerline.
Outer-most flange strands bonded — I,FAIL,Row 4 #1; Row 4 #7,bond outer-most strand at each side of each full-width flange row,AASHTO LRFD 9th Edition · 5.9.4.3.3: Rows in haunch/web regions are not misclassified as full-width flange rows.
Debond length recommendation — G,REVIEW,max L/R = 5.000 m; 0.20L = 4.000 m,"recommended ≤ min(0.20L, 0.5L − ld)","AASHTO LRFD 9th Edition · 5.9.4.3.3: Exceeding the 20% recommendation requires engineering review, not an input ERROR. Verified strand ld is required for the second bound."
"Development / strength handoff — F, I",REVIEW,verified strand development and service-tension applicability required,review κ=2 where applicable; 5.7.3.5 longitudinal resistance; locate debonded strands furthest from centerline,"AASHTO LRFD 9th Edition · 5.9.4.3.3: These requirements are not certified by this layout-only screen. Prestress, ULS and SLS calculations retain their existing force models."
