Mu,Tu,quantity,actual,reference,relative_error
500,300,Acp,545000.0,545000.0,0.0
500,300,pc,5093.010659580075,5093.010659580075,0.0
500,300,Ao,283951.01106327056,283951.0110632707,4.099838256994086e-16
500,300,ph,4709.010659580074,4709.010659580075,1.9313923189420687e-16
500,300,epsilon,-0.0015998289944334219,-0.0015998289944334219,0.0
500,300,theta,29.0,29.0,0.0
500,300,phiTn,723.0334802313834,723.0334802314213,5.251679878899418e-14
500,300,transverse D/C,0.4859022037391207,0.4859022037391207,0.0
500,300,longitudinal D/C,0.4831926352623166,0.48319263526231665,5.551115123125783e-17
500,300,shear cap D/C,0.09250908580874163,0.09250908580874163,0.0
500,410,Acp,545000.0,545000.0,0.0
500,410,pc,5093.010659580075,5093.010659580075,0.0
500,410,Ao,283951.01106327056,283951.0110632707,4.099838256994086e-16
500,410,ph,4709.010659580074,4709.010659580075,1.9313923189420687e-16
500,410,epsilon,-0.0003855846261001692,-0.0003855846261001692,0.0
500,410,theta,29.0,29.0,0.0
500,410,phiTn,723.0334802313834,723.0334802314213,5.251679878899418e-14
500,410,transverse D/C,0.6380390037733294,0.6380390037733294,0.0
500,410,longitudinal D/C,0.6344708233572505,0.6344708233572505,0.0
500,410,shear cap D/C,0.09250908580874163,0.09250908580874163,0.0
500,500,Acp,545000.0,545000.0,0.0
500,500,pc,5093.010659580075,5093.010659580075,0.0
500,500,Ao,283951.01106327056,283951.0110632707,4.099838256994086e-16
500,500,ph,4709.010659580074,4709.010659580075,1.9313923189420687e-16
500,500,epsilon,0.000610473008595173,0.000610473008595173,0.0
500,500,theta,31.136655530083104,31.136655530083104,0.0
500,500,phiTn,663.4272357907569,663.4272357907918,5.260842078473582e-14
500,500,transverse D/C,0.8246458128720953,0.8246458128720953,0.0
500,500,longitudinal D/C,0.7013233062814578,0.7013233062814577,1.1102230246251565e-16
500,500,shear cap D/C,0.09250908580874163,0.09250908580874163,0.0
2500,410,Acp,545000.0,545000.0,0.0
2500,410,pc,5093.010659580075,5093.010659580075,0.0
2500,410,Ao,283951.01106327056,283951.0110632707,4.099838256994086e-16
2500,410,ph,4709.010659580074,4709.010659580075,1.9313923189420687e-16
2500,410,epsilon,0.0014737873289344555,0.0014737873289344555,0.0
2500,410,theta,34.15825565127059,34.15825565127059,0.0
2500,410,phiTn,590.6609814655712,590.6609814656024,5.2737855577373783e-14
2500,410,transverse D/C,0.7651212648141028,0.7651212648141028,0.0
2500,410,longitudinal D/C,0.7868805067265279,0.7868805067265279,0.0
2500,410,shear cap D/C,0.09250908580874163,0.09250908580874163,0.0
2500,450,Acp,545000.0,545000.0,0.0
2500,450,pc,5093.010659580075,5093.010659580075,0.0
2500,450,Ao,283951.01106327056,283951.0110632707,4.099838256994086e-16
2500,450,ph,4709.010659580074,4709.010659580075,1.9313923189420687e-16
2500,450,epsilon,0.0019162872807091192,0.0019162872807091192,0.0
2500,450,theta,35.70700548248192,35.70700548248192,0.0
2500,450,phiTn,557.606075597257,557.6060755972865,5.2805900542526015e-14
2500,450,transverse D/C,0.878004994029488,0.878004994029488,0.0
2500,450,longitudinal D/C,0.8033256195294343,0.8033256195294343,0.0
2500,450,shear cap D/C,0.09250908580874163,0.09250908580874163,0.0
2500,500,Acp,545000.0,545000.0,0.0
2500,500,pc,5093.010659580075,5093.010659580075,0.0
2500,500,Ao,283951.01106327056,283951.0110632707,4.099838256994086e-16
2500,500,ph,4709.010659580074,4709.010659580075,1.9313923189420687e-16
2500,500,epsilon,0.002469844963629797,0.002469844963629797,0.0
2500,500,theta,37.64445737270429,37.64445737270429,0.0
2500,500,phiTn,519.5941314356485,519.5941314356759,5.2730633841466536e-14
2500,500,transverse D/C,1.0332732025679454,1.0332732025679454,0.0
2500,500,longitudinal D/C,0.8226640877486242,0.8226640877486242,0.0
2500,500,shear cap D/C,0.09250908580874163,0.09250908580874163,0.0
5000,410,Acp,545000.0,545000.0,0.0
5000,410,pc,5093.010659580075,5093.010659580075,0.0
5000,410,Ao,283951.01106327056,283951.0110632707,4.099838256994086e-16
5000,410,ph,4709.010659580074,4709.010659580075,1.9313923189420687e-16
5000,410,epsilon,0.0037980022727277375,0.0037980022727277375,0.0
5000,410,theta,42.29300795454708,42.29300795454708,0.0
5000,410,phiTn,440.56386289478604,440.56386289480923,5.2641891104779766e-14
5000,410,transverse D/C,1.0016092372073104,1.0016092372073104,0.0
5000,410,longitudinal D/C,0.9912167491638039,0.9912167491638039,0.0
5000,410,shear cap D/C,0.09250908580874163,0.09250908580874163,0.0
0,410,Acp,545000.0,545000.0,0.0
0,410,pc,5093.010659580075,5093.010659580075,0.0
0,410,Ao,283951.01106327056,283951.0110632707,4.099838256994086e-16
0,410,ph,4709.010659580074,4709.010659580075,1.9313923189420687e-16
0,410,epsilon,-0.0004037755220690086,-0.0004037755220690086,0.0
0,410,theta,29.0,29.0,0.0
0,410,phiTn,723.0334802313834,723.0334802314213,5.251679878899418e-14
0,410,transverse D/C,0.6380390037733294,0.6380390037733294,0.0
0,410,longitudinal D/C,0.5702673583538368,0.5702673583538368,0.0
0,410,shear cap D/C,0.09250908580874163,0.09250908580874163,0.0
