Station x (m),Case,Strength utilization |Tu|/phiTn,Availability,Tu kN-m,Stored Tu kN-m,phiTn kN-m,Original maximum check D/C,Original controlling component,Original row status,Threshold status,Original source row count,Cached resistance row count,Diagram evaluation status,Explanation,Source file,Source sheet,Source Excel row,Source coupling,Diagram source case,Diagram source sheet,Diagram source row,Diagram source type,Curve gap
0.0,Interior Girder 2 / CSiBridge_ULS_Girder_Max_Min.xlsx [archived QA fixture] / QA_LC2 / Interior Girder 2 / Min / set 1,0.03572727427926079,AVAILABLE,-56.031885,-56.031885,1568.3224127883097,,No numeric design/check D/C,REVIEW,BELOW THRESHOLD,1,1,REVIEW,"Actual stored station Tu / phiTn; plotting quantity only. Original threshold, design checks and source gates remain unchanged.",,,,,Interior Girder 2 / CSiBridge_ULS_Girder_Max_Min.xlsx [archived QA fixture] / QA_LC2 / Interior Girder 2 / Min / set 1,Interior Girder 2,4,Original station actions — capacity diagram only,False
0.0,Interior Girder 2 / CSiBridge_ULS_Girder_Max_Min.xlsx [archived QA fixture] / QA_LC2 / Interior Girder 2 / Min / set 2,0.03572727427926079,AVAILABLE,-56.031885,-56.031885,1568.3224127883097,,No numeric design/check D/C,,,1,1,REVIEW,"Actual stored station Tu / phiTn; plotting quantity only. Original threshold, design checks and source gates remain unchanged.",,,,,Interior Girder 2 / CSiBridge_ULS_Girder_Max_Min.xlsx [archived QA fixture] / QA_LC2 / Interior Girder 2 / Min / set 1,Interior Girder 2,4,Shared physical endpoint — diagram only,False
1.0,Interior Girder 2 / CSiBridge_ULS_Girder_Max_Min.xlsx [archived QA fixture] / QA_LC2 / Interior Girder 2 / Min / set 1,0.07446155536472705,AVAILABLE,-121.80837500000001,-121.80837500000001,1635.855904477943,,No numeric design/check D/C,REVIEW,BELOW THRESHOLD,1,1,REVIEW,"Actual stored station Tu / phiTn; plotting quantity only. Original threshold, design checks and source gates remain unchanged.",,,,,Interior Girder 2 / CSiBridge_ULS_Girder_Max_Min.xlsx [archived QA fixture] / QA_LC2 / Interior Girder 2 / Min / set 1,Interior Girder 2,6,Original station actions — capacity diagram only,False
1.0,Interior Girder 2 / CSiBridge_ULS_Girder_Max_Min.xlsx [archived QA fixture] / QA_LC2 / Interior Girder 2 / Min / set 2,0.08001822496692675,AVAILABLE,-130.929695,-130.929695,1636.248430330916,,No numeric design/check D/C,REVIEW,BELOW THRESHOLD,1,1,REVIEW,"Actual stored station Tu / phiTn; plotting quantity only. Original threshold, design checks and source gates remain unchanged.",,,,,Interior Girder 2 / CSiBridge_ULS_Girder_Max_Min.xlsx [archived QA fixture] / QA_LC2 / Interior Girder 2 / Min / set 2,Interior Girder 2,8,Original station actions — capacity diagram only,False
2.0,Interior Girder 2 / CSiBridge_ULS_Girder_Max_Min.xlsx [archived QA fixture] / QA_LC2 / Interior Girder 2 / Min / set 1,0.07739352438845468,AVAILABLE,-140.138375,-140.138375,1810.7248133140374,,No numeric design/check D/C,REVIEW,BELOW THRESHOLD,1,1,REVIEW,"Actual stored station Tu / phiTn; plotting quantity only. Original threshold, design checks and source gates remain unchanged.",,,,,Interior Girder 2 / CSiBridge_ULS_Girder_Max_Min.xlsx [archived QA fixture] / QA_LC2 / Interior Girder 2 / Min / set 1,Interior Girder 2,10,Original station actions — capacity diagram only,False
2.0,Interior Girder 2 / CSiBridge_ULS_Girder_Max_Min.xlsx [archived QA fixture] / QA_LC2 / Interior Girder 2 / Min / set 2,0.07702920342971516,AVAILABLE,-139.47869,-139.47869,1810.7248133140374,,No numeric design/check D/C,REVIEW,BELOW THRESHOLD,1,1,REVIEW,"Actual stored station Tu / phiTn; plotting quantity only. Original threshold, design checks and source gates remain unchanged.",,,,,Interior Girder 2 / CSiBridge_ULS_Girder_Max_Min.xlsx [archived QA fixture] / QA_LC2 / Interior Girder 2 / Min / set 2,Interior Girder 2,12,Original station actions — capacity diagram only,False
3.0,Interior Girder 2 / CSiBridge_ULS_Girder_Max_Min.xlsx [archived QA fixture] / QA_LC2 / Interior Girder 2 / Min / set 1,0.07457523308185902,AVAILABLE,-135.035225,-135.035225,1810.7248133140374,,No numeric design/check D/C,REVIEW,BELOW THRESHOLD,1,1,REVIEW,"Actual stored station Tu / phiTn; plotting quantity only. Original threshold, design checks and source gates remain unchanged.",,,,,Interior Girder 2 / CSiBridge_ULS_Girder_Max_Min.xlsx [archived QA fixture] / QA_LC2 / Interior Girder 2 / Min / set 1,Interior Girder 2,14,Original station actions — capacity diagram only,False
3.0,Interior Girder 2 / CSiBridge_ULS_Girder_Max_Min.xlsx [archived QA fixture] / QA_LC2 / Interior Girder 2 / Min / set 2,0.07284487903967547,AVAILABLE,-131.90203,-131.90203,1810.7248133140374,,No numeric design/check D/C,REVIEW,BELOW THRESHOLD,1,1,REVIEW,"Actual stored station Tu / phiTn; plotting quantity only. Original threshold, design checks and source gates remain unchanged.",,,,,Interior Girder 2 / CSiBridge_ULS_Girder_Max_Min.xlsx [archived QA fixture] / QA_LC2 / Interior Girder 2 / Min / set 2,Interior Girder 2,16,Original station actions — capacity diagram only,False
4.0,Interior Girder 2 / CSiBridge_ULS_Girder_Max_Min.xlsx [archived QA fixture] / QA_LC2 / Interior Girder 2 / Min / set 1,0.0687447336473936,AVAILABLE,-124.477795,-124.477795,1810.7248133140374,,No numeric design/check D/C,REVIEW,BELOW THRESHOLD,1,1,REVIEW,"Actual stored station Tu / phiTn; plotting quantity only. Original threshold, design checks and source gates remain unchanged.",,,,,Interior Girder 2 / CSiBridge_ULS_Girder_Max_Min.xlsx [archived QA fixture] / QA_LC2 / Interior Girder 2 / Min / set 1,Interior Girder 2,18,Original station actions — capacity diagram only,False
4.0,Interior Girder 2 / CSiBridge_ULS_Girder_Max_Min.xlsx [archived QA fixture] / QA_LC2 / Interior Girder 2 / Min / set 2,0.06644092140086837,AVAILABLE,-120.306225,-120.306225,1810.7248133140374,,No numeric design/check D/C,REVIEW,BELOW THRESHOLD,1,1,REVIEW,"Actual stored station Tu / phiTn; plotting quantity only. Original threshold, design checks and source gates remain unchanged.",,,,,Interior Girder 2 / CSiBridge_ULS_Girder_Max_Min.xlsx [archived QA fixture] / QA_LC2 / Interior Girder 2 / Min / set 2,Interior Girder 2,20,Original station actions — capacity diagram only,False
5.0,Interior Girder 2 / CSiBridge_ULS_Girder_Max_Min.xlsx [archived QA fixture] / QA_LC2 / Interior Girder 2 / Min / set 1,0.06174125641730571,AVAILABLE,-111.796425,-111.796425,1810.7248133140374,,No numeric design/check D/C,REVIEW,BELOW THRESHOLD,1,1,REVIEW,"Actual stored station Tu / phiTn; plotting quantity only. Original threshold, design checks and source gates remain unchanged.",,,,,Interior Girder 2 / CSiBridge_ULS_Girder_Max_Min.xlsx [archived QA fixture] / QA_LC2 / Interior Girder 2 / Min / set 1,Interior Girder 2,22,Original station actions — capacity diagram only,False
5.0,Interior Girder 2 / CSiBridge_ULS_Girder_Max_Min.xlsx [archived QA fixture] / QA_LC2 / Interior Girder 2 / Min / set 2,0.059273393842527486,AVAILABLE,-107.327805,-107.327805,1810.7248133140374,,No numeric design/check D/C,REVIEW,BELOW THRESHOLD,1,1,REVIEW,"Actual stored station Tu / phiTn; plotting quantity only. Original threshold, design checks and source gates remain unchanged.",,,,,Interior Girder 2 / CSiBridge_ULS_Girder_Max_Min.xlsx [archived QA fixture] / QA_LC2 / Interior Girder 2 / Min / set 2,Interior Girder 2,24,Original station actions — capacity diagram only,False
6.0,Interior Girder 2 / CSiBridge_ULS_Girder_Max_Min.xlsx [archived QA fixture] / QA_LC2 / Interior Girder 2 / Min / set 1,0.055347457693793047,AVAILABLE,-100.219015,-100.219015,1810.7248133140374,,No numeric design/check D/C,REVIEW,BELOW THRESHOLD,1,1,REVIEW,"Actual stored station Tu / phiTn; plotting quantity only. Original threshold, design checks and source gates remain unchanged.",,,,,Interior Girder 2 / CSiBridge_ULS_Girder_Max_Min.xlsx [archived QA fixture] / QA_LC2 / Interior Girder 2 / Min / set 1,Interior Girder 2,26,Original station actions — capacity diagram only,False
6.0,Interior Girder 2 / CSiBridge_ULS_Girder_Max_Min.xlsx [archived QA fixture] / QA_LC2 / Interior Girder 2 / Min / set 2,0.053043501858359064,AVAILABLE,-96.04718500000001,-96.04718500000001,1810.7248133140374,,No numeric design/check D/C,REVIEW,BELOW THRESHOLD,1,1,REVIEW,"Actual stored station Tu / phiTn; plotting quantity only. Original threshold, design checks and source gates remain unchanged.",,,,,Interior Girder 2 / CSiBridge_ULS_Girder_Max_Min.xlsx [archived QA fixture] / QA_LC2 / Interior Girder 2 / Min / set 2,Interior Girder 2,28,Original station actions — capacity diagram only,False
7.0,Interior Girder 2 / CSiBridge_ULS_Girder_Max_Min.xlsx [archived QA fixture] / QA_LC2 / Interior Girder 2 / Min / set 1,0.04984107432361564,AVAILABLE,-90.24847,-90.24847,1810.7248133140374,,No numeric design/check D/C,REVIEW,BELOW THRESHOLD,1,1,REVIEW,"Actual stored station Tu / phiTn; plotting quantity only. Original threshold, design checks and source gates remain unchanged.",,,,,Interior Girder 2 / CSiBridge_ULS_Girder_Max_Min.xlsx [archived QA fixture] / QA_LC2 / Interior Girder 2 / Min / set 1,Interior Girder 2,30,Original station actions — capacity diagram only,False
7.0,Interior Girder 2 / CSiBridge_ULS_Girder_Max_Min.xlsx [archived QA fixture] / QA_LC2 / Interior Girder 2 / Min / set 2,0.047630846148371715,AVAILABLE,-86.24635500000001,-86.24635500000001,1810.7248133140374,,No numeric design/check D/C,REVIEW,BELOW THRESHOLD,1,1,REVIEW,"Actual stored station Tu / phiTn; plotting quantity only. Original threshold, design checks and source gates remain unchanged.",,,,,Interior Girder 2 / CSiBridge_ULS_Girder_Max_Min.xlsx [archived QA fixture] / QA_LC2 / Interior Girder 2 / Min / set 2,Interior Girder 2,32,Original station actions — capacity diagram only,False
8.0,Interior Girder 2 / CSiBridge_ULS_Girder_Max_Min.xlsx [archived QA fixture] / QA_LC2 / Interior Girder 2 / Min / set 1,0.045097686517336984,AVAILABLE,-81.6595,-81.6595,1810.7248133140374,,No numeric design/check D/C,REVIEW,BELOW THRESHOLD,1,1,REVIEW,"Actual stored station Tu / phiTn; plotting quantity only. Original threshold, design checks and source gates remain unchanged.",,,,,Interior Girder 2 / CSiBridge_ULS_Girder_Max_Min.xlsx [archived QA fixture] / QA_LC2 / Interior Girder 2 / Min / set 1,Interior Girder 2,34,Original station actions — capacity diagram only,False
8.0,Interior Girder 2 / CSiBridge_ULS_Girder_Max_Min.xlsx [archived QA fixture] / QA_LC2 / Interior Girder 2 / Min / set 2,0.04306726755308194,AVAILABLE,-77.98297,-77.98297,1810.7248133140374,,No numeric design/check D/C,REVIEW,BELOW THRESHOLD,1,1,REVIEW,"Actual stored station Tu / phiTn; plotting quantity only. Original threshold, design checks and source gates remain unchanged.",,,,,Interior Girder 2 / CSiBridge_ULS_Girder_Max_Min.xlsx [archived QA fixture] / QA_LC2 / Interior Girder 2 / Min / set 2,Interior Girder 2,36,Original station actions — capacity diagram only,False
9.0,Interior Girder 2 / CSiBridge_ULS_Girder_Max_Min.xlsx [archived QA fixture] / QA_LC2 / Interior Girder 2 / Min / set 1,0.04108272524517423,AVAILABLE,-74.38951,-74.38951,1810.7248133140374,,No numeric design/check D/C,REVIEW,BELOW THRESHOLD,1,1,REVIEW,"Actual stored station Tu / phiTn; plotting quantity only. Original threshold, design checks and source gates remain unchanged.",,,,,Interior Girder 2 / CSiBridge_ULS_Girder_Max_Min.xlsx [archived QA fixture] / QA_LC2 / Interior Girder 2 / Min / set 1,Interior Girder 2,38,Original station actions — capacity diagram only,False
9.0,Interior Girder 2 / CSiBridge_ULS_Girder_Max_Min.xlsx [archived QA fixture] / QA_LC2 / Interior Girder 2 / Min / set 2,0.03943095023330705,AVAILABLE,-71.3986,-71.3986,1810.7248133140374,,No numeric design/check D/C,REVIEW,BELOW THRESHOLD,1,1,REVIEW,"Actual stored station Tu / phiTn; plotting quantity only. Original threshold, design checks and source gates remain unchanged.",,,,,Interior Girder 2 / CSiBridge_ULS_Girder_Max_Min.xlsx [archived QA fixture] / QA_LC2 / Interior Girder 2 / Min / set 2,Interior Girder 2,40,Original station actions — capacity diagram only,False
10.0,Interior Girder 2 / CSiBridge_ULS_Girder_Max_Min.xlsx [archived QA fixture] / QA_LC2 / Interior Girder 2 / Min / set 1,0.037887441258641394,AVAILABLE,-68.60373,-68.60373,1810.7248133140374,,No numeric design/check D/C,REVIEW,BELOW THRESHOLD,1,1,REVIEW,"Actual stored station Tu / phiTn; plotting quantity only. Original threshold, design checks and source gates remain unchanged.",,,,,Interior Girder 2 / CSiBridge_ULS_Girder_Max_Min.xlsx [archived QA fixture] / QA_LC2 / Interior Girder 2 / Min / set 1,Interior Girder 2,42,Original station actions — capacity diagram only,False
10.0,Interior Girder 2 / CSiBridge_ULS_Girder_Max_Min.xlsx [archived QA fixture] / QA_LC2 / Interior Girder 2 / Min / set 2,0.03667655599110752,AVAILABLE,-66.41115,-66.41115,1810.7248133140374,,No numeric design/check D/C,REVIEW,BELOW THRESHOLD,1,1,REVIEW,"Actual stored station Tu / phiTn; plotting quantity only. Original threshold, design checks and source gates remain unchanged.",,,,,Interior Girder 2 / CSiBridge_ULS_Girder_Max_Min.xlsx [archived QA fixture] / QA_LC2 / Interior Girder 2 / Min / set 2,Interior Girder 2,44,Original station actions — capacity diagram only,False
11.0,Interior Girder 2 / CSiBridge_ULS_Girder_Max_Min.xlsx [archived QA fixture] / QA_LC2 / Interior Girder 2 / Min / set 1,0.03632724007333294,AVAILABLE,-65.77863500000001,-65.77863500000001,1810.7248133140374,,No numeric design/check D/C,REVIEW,BELOW THRESHOLD,1,1,REVIEW,"Actual stored station Tu / phiTn; plotting quantity only. Original threshold, design checks and source gates remain unchanged.",,,,,Interior Girder 2 / CSiBridge_ULS_Girder_Max_Min.xlsx [archived QA fixture] / QA_LC2 / Interior Girder 2 / Min / set 1,Interior Girder 2,46,Original station actions — capacity diagram only,False
11.0,Interior Girder 2 / CSiBridge_ULS_Girder_Max_Min.xlsx [archived QA fixture] / QA_LC2 / Interior Girder 2 / Min / set 2,0.03547148607437823,AVAILABLE,-64.2291,-64.2291,1810.7248133140374,,No numeric design/check D/C,REVIEW,BELOW THRESHOLD,1,1,REVIEW,"Actual stored station Tu / phiTn; plotting quantity only. Original threshold, design checks and source gates remain unchanged.",,,,,Interior Girder 2 / CSiBridge_ULS_Girder_Max_Min.xlsx [archived QA fixture] / QA_LC2 / Interior Girder 2 / Min / set 2,Interior Girder 2,48,Original station actions — capacity diagram only,False
12.0,Interior Girder 2 / CSiBridge_ULS_Girder_Max_Min.xlsx [archived QA fixture] / QA_LC2 / Interior Girder 2 / Min / set 1,0.03549227056892057,AVAILABLE,-64.266735,-64.266735,1810.7248133140374,,No numeric design/check D/C,REVIEW,BELOW THRESHOLD,1,1,REVIEW,"Actual stored station Tu / phiTn; plotting quantity only. Original threshold, design checks and source gates remain unchanged.",,,,,Interior Girder 2 / CSiBridge_ULS_Girder_Max_Min.xlsx [archived QA fixture] / QA_LC2 / Interior Girder 2 / Min / set 1,Interior Girder 2,50,Original station actions — capacity diagram only,False
12.0,Interior Girder 2 / CSiBridge_ULS_Girder_Max_Min.xlsx [archived QA fixture] / QA_LC2 / Interior Girder 2 / Min / set 2,0.03481201811369209,AVAILABLE,-63.034985000000006,-63.034985000000006,1810.7248133140374,,No numeric design/check D/C,REVIEW,BELOW THRESHOLD,1,1,REVIEW,"Actual stored station Tu / phiTn; plotting quantity only. Original threshold, design checks and source gates remain unchanged.",,,,,Interior Girder 2 / CSiBridge_ULS_Girder_Max_Min.xlsx [archived QA fixture] / QA_LC2 / Interior Girder 2 / Min / set 2,Interior Girder 2,52,Original station actions — capacity diagram only,False
13.0,Interior Girder 2 / CSiBridge_ULS_Girder_Max_Min.xlsx [archived QA fixture] / QA_LC2 / Interior Girder 2 / Min / set 1,0.034810187355105465,AVAILABLE,-63.031670000000005,-63.031670000000005,1810.7248133140374,,No numeric design/check D/C,REVIEW,BELOW THRESHOLD,1,1,REVIEW,"Actual stored station Tu / phiTn; plotting quantity only. Original threshold, design checks and source gates remain unchanged.",,,,,Interior Girder 2 / CSiBridge_ULS_Girder_Max_Min.xlsx [archived QA fixture] / QA_LC2 / Interior Girder 2 / Min / set 1,Interior Girder 2,54,Original station actions — capacity diagram only,False
13.0,Interior Girder 2 / CSiBridge_ULS_Girder_Max_Min.xlsx [archived QA fixture] / QA_LC2 / Interior Girder 2 / Min / set 2,0.03428601604369405,AVAILABLE,-62.08254,-62.08254,1810.7248133140374,,No numeric design/check D/C,REVIEW,BELOW THRESHOLD,1,1,REVIEW,"Actual stored station Tu / phiTn; plotting quantity only. Original threshold, design checks and source gates remain unchanged.",,,,,Interior Girder 2 / CSiBridge_ULS_Girder_Max_Min.xlsx [archived QA fixture] / QA_LC2 / Interior Girder 2 / Min / set 2,Interior Girder 2,56,Original station actions — capacity diagram only,False
14.0,Interior Girder 2 / CSiBridge_ULS_Girder_Max_Min.xlsx [archived QA fixture] / QA_LC2 / Interior Girder 2 / Min / set 1,0.03462082948168434,AVAILABLE,-62.688795,-62.688795,1810.7248133140374,,No numeric design/check D/C,REVIEW,BELOW THRESHOLD,1,1,REVIEW,"Actual stored station Tu / phiTn; plotting quantity only. Original threshold, design checks and source gates remain unchanged.",,,,,Interior Girder 2 / CSiBridge_ULS_Girder_Max_Min.xlsx [archived QA fixture] / QA_LC2 / Interior Girder 2 / Min / set 1,Interior Girder 2,58,Original station actions — capacity diagram only,False
14.0,Interior Girder 2 / CSiBridge_ULS_Girder_Max_Min.xlsx [archived QA fixture] / QA_LC2 / Interior Girder 2 / Min / set 2,0.03414142201257741,AVAILABLE,-61.82072,-61.82072,1810.7248133140374,,No numeric design/check D/C,REVIEW,BELOW THRESHOLD,1,1,REVIEW,"Actual stored station Tu / phiTn; plotting quantity only. Original threshold, design checks and source gates remain unchanged.",,,,,Interior Girder 2 / CSiBridge_ULS_Girder_Max_Min.xlsx [archived QA fixture] / QA_LC2 / Interior Girder 2 / Min / set 2,Interior Girder 2,60,Original station actions — capacity diagram only,False
15.0,Interior Girder 2 / CSiBridge_ULS_Girder_Max_Min.xlsx [archived QA fixture] / QA_LC2 / Interior Girder 2 / Min / set 1,0.0349390225034862,AVAILABLE,-63.264955,-63.264955,1810.7248133140374,,No numeric design/check D/C,REVIEW,BELOW THRESHOLD,1,1,REVIEW,"Actual stored station Tu / phiTn; plotting quantity only. Original threshold, design checks and source gates remain unchanged.",,,,,Interior Girder 2 / CSiBridge_ULS_Girder_Max_Min.xlsx [archived QA fixture] / QA_LC2 / Interior Girder 2 / Min / set 1,Interior Girder 2,62,Original station actions — capacity diagram only,False
15.0,Interior Girder 2 / CSiBridge_ULS_Girder_Max_Min.xlsx [archived QA fixture] / QA_LC2 / Interior Girder 2 / Min / set 2,0.03466756767148421,AVAILABLE,-62.773425,-62.773425,1810.7248133140374,,No numeric design/check D/C,REVIEW,BELOW THRESHOLD,1,1,REVIEW,"Actual stored station Tu / phiTn; plotting quantity only. Original threshold, design checks and source gates remain unchanged.",,,,,Interior Girder 2 / CSiBridge_ULS_Girder_Max_Min.xlsx [archived QA fixture] / QA_LC2 / Interior Girder 2 / Min / set 2,Interior Girder 2,64,Original station actions — capacity diagram only,False
16.0,Interior Girder 2 / CSiBridge_ULS_Girder_Max_Min.xlsx [archived QA fixture] / QA_LC2 / Interior Girder 2 / Min / set 1,0.03613404119660261,AVAILABLE,-65.428805,-65.428805,1810.7248133140374,,No numeric design/check D/C,REVIEW,BELOW THRESHOLD,1,1,REVIEW,"Actual stored station Tu / phiTn; plotting quantity only. Original threshold, design checks and source gates remain unchanged.",,,,,Interior Girder 2 / CSiBridge_ULS_Girder_Max_Min.xlsx [archived QA fixture] / QA_LC2 / Interior Girder 2 / Min / set 1,Interior Girder 2,66,Original station actions — capacity diagram only,False
16.0,Interior Girder 2 / CSiBridge_ULS_Girder_Max_Min.xlsx [archived QA fixture] / QA_LC2 / Interior Girder 2 / Min / set 2,0.03601547265519788,AVAILABLE,-65.21411,-65.21411,1810.7248133140374,,No numeric design/check D/C,REVIEW,BELOW THRESHOLD,1,1,REVIEW,"Actual stored station Tu / phiTn; plotting quantity only. Original threshold, design checks and source gates remain unchanged.",,,,,Interior Girder 2 / CSiBridge_ULS_Girder_Max_Min.xlsx [archived QA fixture] / QA_LC2 / Interior Girder 2 / Min / set 2,Interior Girder 2,68,Original station actions — capacity diagram only,False
17.0,Interior Girder 2 / CSiBridge_ULS_Girder_Max_Min.xlsx [archived QA fixture] / QA_LC2 / Interior Girder 2 / Min / set 1,0.03661894094146943,AVAILABLE,-66.306825,-66.306825,1810.7248133140374,,No numeric design/check D/C,REVIEW,BELOW THRESHOLD,1,1,REVIEW,"Actual stored station Tu / phiTn; plotting quantity only. Original threshold, design checks and source gates remain unchanged.",,,,,Interior Girder 2 / CSiBridge_ULS_Girder_Max_Min.xlsx [archived QA fixture] / QA_LC2 / Interior Girder 2 / Min / set 1,Interior Girder 2,70,Original station actions — capacity diagram only,False
17.0,Interior Girder 2 / CSiBridge_ULS_Girder_Max_Min.xlsx [archived QA fixture] / QA_LC2 / Interior Girder 2 / Min / set 2,0.03584668389295596,AVAILABLE,-64.90848,-64.90848,1810.7248133140374,,No numeric design/check D/C,REVIEW,BELOW THRESHOLD,1,1,REVIEW,"Actual stored station Tu / phiTn; plotting quantity only. Original threshold, design checks and source gates remain unchanged.",,,,,Interior Girder 2 / CSiBridge_ULS_Girder_Max_Min.xlsx [archived QA fixture] / QA_LC2 / Interior Girder 2 / Min / set 2,Interior Girder 2,72,Original station actions — capacity diagram only,False
18.0,Interior Girder 2 / CSiBridge_ULS_Girder_Max_Min.xlsx [archived QA fixture] / QA_LC2 / Interior Girder 2 / Min / set 1,0.0338584441706478,AVAILABLE,-61.308324999999996,-61.308324999999996,1810.7248133140374,,No numeric design/check D/C,REVIEW,BELOW THRESHOLD,1,1,REVIEW,"Actual stored station Tu / phiTn; plotting quantity only. Original threshold, design checks and source gates remain unchanged.",,,,,Interior Girder 2 / CSiBridge_ULS_Girder_Max_Min.xlsx [archived QA fixture] / QA_LC2 / Interior Girder 2 / Min / set 1,Interior Girder 2,74,Original station actions — capacity diagram only,False
18.0,Interior Girder 2 / CSiBridge_ULS_Girder_Max_Min.xlsx [archived QA fixture] / QA_LC2 / Interior Girder 2 / Min / set 2,0.03172453350040734,AVAILABLE,-57.4444,-57.4444,1810.7248133140374,,No numeric design/check D/C,REVIEW,BELOW THRESHOLD,1,1,REVIEW,"Actual stored station Tu / phiTn; plotting quantity only. Original threshold, design checks and source gates remain unchanged.",,,,,Interior Girder 2 / CSiBridge_ULS_Girder_Max_Min.xlsx [archived QA fixture] / QA_LC2 / Interior Girder 2 / Min / set 2,Interior Girder 2,76,Original station actions — capacity diagram only,False
19.0,Interior Girder 2 / CSiBridge_ULS_Girder_Max_Min.xlsx [archived QA fixture] / QA_LC2 / Interior Girder 2 / Min / set 1,0.02515534092485001,AVAILABLE,-45.5494,-45.5494,1810.7248133140374,,No numeric design/check D/C,REVIEW,BELOW THRESHOLD,1,1,REVIEW,"Actual stored station Tu / phiTn; plotting quantity only. Original threshold, design checks and source gates remain unchanged.",,,,,Interior Girder 2 / CSiBridge_ULS_Girder_Max_Min.xlsx [archived QA fixture] / QA_LC2 / Interior Girder 2 / Min / set 1,Interior Girder 2,78,Original station actions — capacity diagram only,False
19.0,Interior Girder 2 / CSiBridge_ULS_Girder_Max_Min.xlsx [archived QA fixture] / QA_LC2 / Interior Girder 2 / Min / set 2,0.021428275414741734,AVAILABLE,-38.80071,-38.80071,1810.7248133140374,,No numeric design/check D/C,REVIEW,BELOW THRESHOLD,1,1,REVIEW,"Actual stored station Tu / phiTn; plotting quantity only. Original threshold, design checks and source gates remain unchanged.",,,,,Interior Girder 2 / CSiBridge_ULS_Girder_Max_Min.xlsx [archived QA fixture] / QA_LC2 / Interior Girder 2 / Min / set 2,Interior Girder 2,80,Original station actions — capacity diagram only,False
20.0,Interior Girder 2 / CSiBridge_ULS_Girder_Max_Min.xlsx [archived QA fixture] / QA_LC2 / Interior Girder 2 / Min / set 1,0.02354712099195164,AVAILABLE,-37.635585,-37.635585,1598.3094074585072,,No numeric design/check D/C,REVIEW,BELOW THRESHOLD,1,1,REVIEW,"Actual stored station Tu / phiTn; plotting quantity only. Original threshold, design checks and source gates remain unchanged.",,,,,Interior Girder 2 / CSiBridge_ULS_Girder_Max_Min.xlsx [archived QA fixture] / QA_LC2 / Interior Girder 2 / Min / set 1,Interior Girder 2,82,Original station actions — capacity diagram only,False
20.0,Interior Girder 2 / CSiBridge_ULS_Girder_Max_Min.xlsx [archived QA fixture] / QA_LC2 / Interior Girder 2 / Min / set 2,0.02354712099195164,AVAILABLE,-37.635585,-37.635585,1598.3094074585072,,No numeric design/check D/C,,,1,1,REVIEW,"Actual stored station Tu / phiTn; plotting quantity only. Original threshold, design checks and source gates remain unchanged.",,,,,Interior Girder 2 / CSiBridge_ULS_Girder_Max_Min.xlsx [archived QA fixture] / QA_LC2 / Interior Girder 2 / Min / set 1,Interior Girder 2,82,Shared physical endpoint — diagram only,False
