Case,Station x (m),Nu kN,Numerical status,Family,Count,Aps_mm2,bond_start_left_m,bond_end_right_m,bonded_distance_mm,db_mm,fpe_MPa,fps_reference_MPa,fpx_limit_MPa,lt_mm,ld_mm,kappa,kappa_basis,branch,transfer_factor,fps_used_MPa,Tps_kN
ENV_ULS,0.0,575.159,PASS,Row 1 · fully bonded,5,493.5,0.0,20.0,0.0,12.7,1115.997973657548,1721.6449648724667,0.0,762.0,2881.2867939641887,1.6,kappa=1.6 for pretensioned member depth > 24 in,BOND START / SLEEVE,0.0,0.0,0.0
ENV_ULS,0.0,575.159,PASS,Row 1 · debonded,4,394.8,5.0,15.0,0.0,12.7,1115.997973657548,1721.6449648724667,0.0,762.0,3601.608492455236,2.0,kappa=2.0 conservative debonded-strand screen (5.9.4.3.3F),BOND START / SLEEVE,0.0,0.0,0.0
ENV_ULS,0.0,575.159,PASS,Row 2 · fully bonded,5,493.5,0.0,20.0,0.0,12.7,1115.997973657548,1719.271993685822,0.0,762.0,2874.293251992756,1.6,kappa=1.6 for pretensioned member depth > 24 in,BOND START / SLEEVE,0.0,0.0,0.0
ENV_ULS,0.0,575.159,PASS,Row 2 · debonded,4,394.8,4.0,16.0,0.0,12.7,1115.997973657548,1719.271993685822,0.0,762.0,3592.8665649909444,2.0,kappa=2.0 conservative debonded-strand screen (5.9.4.3.3F),BOND START / SLEEVE,0.0,0.0,0.0
ENV_ULS,0.0,575.159,PASS,Row 3 · fully bonded,5,493.5,0.0,20.0,0.0,12.7,1115.997973657548,1716.8990224991771,0.0,762.0,2867.299710021321,1.6,kappa=1.6 for pretensioned member depth > 24 in,BOND START / SLEEVE,0.0,0.0,0.0
ENV_ULS,0.0,575.159,PASS,Row 3 · debonded,4,394.8,3.0,17.0,0.0,12.7,1115.997973657548,1716.8990224991771,0.0,762.0,3584.124637526651,2.0,kappa=2.0 conservative debonded-strand screen (5.9.4.3.3F),BOND START / SLEEVE,0.0,0.0,0.0
ENV_ULS,0.0,575.159,PASS,Row 4 · fully bonded,4,394.8,0.0,20.0,0.0,12.7,1115.997973657548,1714.5260513125322,0.0,762.0,2860.306168049887,1.6,kappa=1.6 for pretensioned member depth > 24 in,BOND START / SLEEVE,0.0,0.0,0.0
ENV_ULS,0.0,575.159,PASS,Row 4 · debonded,3,296.1,2.0,18.0,0.0,12.7,1115.997973657548,1714.5260513125322,0.0,762.0,3575.382710062359,2.0,kappa=2.0 conservative debonded-strand screen (5.9.4.3.3F),BOND START / SLEEVE,0.0,0.0,0.0
ENV_ULS,1.0,505.298,PASS,Row 1 · fully bonded,5,493.5,0.0,20.0,1000.0,12.7,1115.997973657548,1722.2541892826905,1184.024084989246,762.0,2883.0822799384396,1.6,kappa=1.6 for pretensioned member depth > 24 in,FLEXURAL DEVELOPMENT,1.0,1184.024084989246,584.3158859421928
ENV_ULS,1.0,505.298,PASS,Row 1 · debonded,4,394.8,5.0,15.0,0.0,12.7,1115.997973657548,1722.2541892826905,0.0,762.0,3603.8528499230492,2.0,kappa=2.0 conservative debonded-strand screen (5.9.4.3.3F),BOND START / SLEEVE,0.0,0.0,0.0
ENV_ULS,1.0,505.298,PASS,Row 2 · fully bonded,5,493.5,0.0,20.0,1000.0,12.7,1115.997973657548,1719.8617935496327,1183.9816294234013,762.0,2876.0314905881164,1.6,kappa=1.6 for pretensioned member depth > 24 in,FLEXURAL DEVELOPMENT,1.0,1183.9816294234013,584.2949341204485
ENV_ULS,1.0,505.298,PASS,Row 2 · debonded,4,394.8,4.0,16.0,0.0,12.7,1115.997973657548,1719.8617935496327,0.0,762.0,3595.0393632351456,2.0,kappa=2.0 conservative debonded-strand screen (5.9.4.3.3F),BOND START / SLEEVE,0.0,0.0,0.0
ENV_ULS,1.0,505.298,PASS,Row 3 · fully bonded,5,493.5,0.0,20.0,1000.0,12.7,1115.997973657548,1717.4693978165749,1183.9388897113836,762.0,2868.9807012377933,1.6,kappa=1.6 for pretensioned member depth > 24 in,FLEXURAL DEVELOPMENT,1.0,1183.9388897113836,584.2738420725677
ENV_ULS,1.0,505.298,PASS,Row 3 · debonded,4,394.8,3.0,17.0,0.0,12.7,1115.997973657548,1717.4693978165749,0.0,762.0,3586.225876547241,2.0,kappa=2.0 conservative debonded-strand screen (5.9.4.3.3F),BOND START / SLEEVE,0.0,0.0,0.0
ENV_ULS,1.0,505.298,PASS,Row 4 · fully bonded,4,394.8,0.0,20.0,1000.0,12.7,1115.997973657548,1715.077002083517,1183.895862991019,762.0,2861.92991188747,1.6,kappa=1.6 for pretensioned member depth > 24 in,FLEXURAL DEVELOPMENT,1.0,1183.895862991019,467.4020867088543
ENV_ULS,1.0,505.298,PASS,Row 4 · debonded,3,296.1,2.0,18.0,0.0,12.7,1115.997973657548,1715.077002083517,0.0,762.0,3577.4123898593375,2.0,kappa=2.0 conservative debonded-strand screen (5.9.4.3.3F),BOND START / SLEEVE,0.0,0.0,0.0
ENV_ULS,2.0,447.252,PASS,Row 1 · fully bonded,5,493.5,0.0,20.0,2000.0,12.7,1115.997973657548,1722.7672074361756,1469.8952474711461,762.0,2884.5942300239267,1.6,kappa=1.6 for pretensioned member depth > 24 in,FLEXURAL DEVELOPMENT,1.0,1469.8952474711461,725.3933046270106
ENV_ULS,2.0,447.252,PASS,Row 1 · debonded,4,394.8,5.0,15.0,0.0,12.7,1115.997973657548,1722.7672074361756,0.0,762.0,3605.7427875299077,2.0,kappa=2.0 conservative debonded-strand screen (5.9.4.3.3F),BOND START / SLEEVE,0.0,0.0,0.0
ENV_ULS,2.0,447.252,PASS,Row 2 · fully bonded,5,493.5,0.0,20.0,2000.0,12.7,1115.997973657548,1720.358454602572,1469.673209383568,762.0,2877.495233569429,1.6,kappa=1.6 for pretensioned member depth > 24 in,FLEXURAL DEVELOPMENT,1.0,1469.673209383568,725.2837288307909
ENV_ULS,2.0,447.252,PASS,Row 2 · debonded,4,394.8,4.0,16.0,0.0,12.7,1115.997973657548,1720.358454602572,0.0,762.0,3596.8690419617856,2.0,kappa=2.0 conservative debonded-strand screen (5.9.4.3.3F),BOND START / SLEEVE,0.0,0.0,0.0
ENV_ULS,2.0,447.252,PASS,Row 3 · fully bonded,5,493.5,0.0,20.0,2000.0,12.7,1115.997973657548,1717.9497017689682,1469.449676085964,762.0,2870.39623711493,1.6,kappa=1.6 for pretensioned member depth > 24 in,FLEXURAL DEVELOPMENT,1.0,1469.449676085964,725.1734151484233
ENV_ULS,2.0,447.252,PASS,Row 3 · debonded,4,394.8,3.0,17.0,0.0,12.7,1115.997973657548,1717.9497017689682,0.0,762.0,3587.995296393662,2.0,kappa=2.0 conservative debonded-strand screen (5.9.4.3.3F),BOND START / SLEEVE,0.0,0.0,0.0
ENV_ULS,2.0,447.252,PASS,Row 4 · fully bonded,4,394.8,0.0,20.0,2000.0,12.7,1115.997973657548,1715.5409489353647,1469.2246324241366,762.0,2863.2972406604326,1.6,kappa=1.6 for pretensioned member depth > 24 in,FLEXURAL DEVELOPMENT,1.0,1469.2246324241366,580.0498848810491
ENV_ULS,2.0,447.252,PASS,Row 4 · debonded,3,296.1,2.0,18.0,0.0,12.7,1115.997973657548,1715.5409489353647,0.0,762.0,3579.1215508255405,2.0,kappa=2.0 conservative debonded-strand screen (5.9.4.3.3F),BOND START / SLEEVE,0.0,0.0,0.0
ENV_ULS,3.0,383.753,PASS,Row 1 · fully bonded,5,493.5,0.0,20.0,3000.0,12.7,1115.997973657548,1723.3356433150723,1723.3356433150723,762.0,2886.2695053915777,1.6,kappa=1.6 for pretensioned member depth > 24 in,FULLY DEVELOPED,1.0,1723.3356433150723,850.4661399759882
ENV_ULS,3.0,383.753,PASS,Row 1 · debonded,4,394.8,5.0,15.0,0.0,12.7,1115.997973657548,1723.3356433150723,0.0,762.0,3607.836881739472,2.0,kappa=2.0 conservative debonded-strand screen (5.9.4.3.3F),BOND START / SLEEVE,0.0,0.0,0.0
ENV_ULS,3.0,383.753,PASS,Row 2 · fully bonded,5,493.5,0.0,20.0,3000.0,12.7,1115.997973657548,1720.908766438953,1720.908766438953,762.0,2879.1170943601405,1.6,kappa=1.6 for pretensioned member depth > 24 in,FULLY DEVELOPED,1.0,1720.908766438953,849.2684762376234
ENV_ULS,3.0,383.753,PASS,Row 2 · debonded,4,394.8,4.0,16.0,0.0,12.7,1115.997973657548,1720.908766438953,0.0,762.0,3598.8963679501758,2.0,kappa=2.0 conservative debonded-strand screen (5.9.4.3.3F),BOND START / SLEEVE,0.0,0.0,0.0
ENV_ULS,3.0,383.753,PASS,Row 3 · fully bonded,5,493.5,0.0,20.0,3000.0,12.7,1115.997973657548,1718.4818895628339,1718.4818895628339,762.0,2871.964683328703,1.6,kappa=1.6 for pretensioned member depth > 24 in,FULLY DEVELOPED,1.0,1718.4818895628339,848.0708124992585
ENV_ULS,3.0,383.753,PASS,Row 3 · debonded,4,394.8,3.0,17.0,0.0,12.7,1115.997973657548,1718.4818895628339,0.0,762.0,3589.9558541608785,2.0,kappa=2.0 conservative debonded-strand screen (5.9.4.3.3F),BOND START / SLEEVE,0.0,0.0,0.0
ENV_ULS,3.0,383.753,PASS,Row 4 · fully bonded,4,394.8,0.0,20.0,3000.0,12.7,1115.997973657548,1716.0550126867147,1716.0550126867147,762.0,2864.812272297265,1.6,kappa=1.6 for pretensioned member depth > 24 in,FULLY DEVELOPED,1.0,1716.0550126867147,677.498519008715
ENV_ULS,3.0,383.753,PASS,Row 4 · debonded,3,296.1,2.0,18.0,1000.0,12.7,1115.997973657548,1716.0550126867147,1166.6587746981402,762.0,3581.0153403715813,2.0,kappa=2.0 conservative debonded-strand screen (5.9.4.3.3F),FLEXURAL DEVELOPMENT,1.0,1166.6587746981402,345.44766318811935
ENV_ULS,4.0,309.638,PASS,Row 1 · fully bonded,5,493.5,0.0,20.0,4000.0,12.7,1115.997973657548,1724.00883358203,1724.00883358203,762.0,2888.253509417091,1.6,kappa=1.6 for pretensioned member depth > 24 in,FULLY DEVELOPED,1.0,1724.00883358203,850.7983593727319
ENV_ULS,4.0,309.638,PASS,Row 1 · debonded,4,394.8,5.0,15.0,0.0,12.7,1115.997973657548,1724.00883358203,0.0,762.0,3610.316886771364,2.0,kappa=2.0 conservative debonded-strand screen (5.9.4.3.3F),BOND START / SLEEVE,0.0,0.0,0.0
ENV_ULS,4.0,309.638,PASS,Row 2 · fully bonded,5,493.5,0.0,20.0,4000.0,12.7,1115.997973657548,1721.5604926684136,1721.5604926684136,762.0,2881.0378402862893,1.6,kappa=1.6 for pretensioned member depth > 24 in,FULLY DEVELOPED,1.0,1721.5604926684136,849.5901031318622
ENV_ULS,4.0,309.638,PASS,Row 2 · debonded,4,394.8,4.0,16.0,0.0,12.7,1115.997973657548,1721.5604926684136,0.0,762.0,3601.297300357861,2.0,kappa=2.0 conservative debonded-strand screen (5.9.4.3.3F),BOND START / SLEEVE,0.0,0.0,0.0
ENV_ULS,4.0,309.638,PASS,Row 3 · fully bonded,5,493.5,0.0,20.0,4000.0,12.7,1115.997973657548,1719.1121517547972,1719.1121517547972,762.0,2873.8221711554875,1.6,kappa=1.6 for pretensioned member depth > 24 in,FULLY DEVELOPED,1.0,1719.1121517547972,848.3818468909924
ENV_ULS,4.0,309.638,PASS,Row 3 · debonded,4,394.8,3.0,17.0,1000.0,12.7,1115.997973657548,1719.1121517547972,1166.7142597943957,762.0,3592.277713944359,2.0,kappa=2.0 conservative debonded-strand screen (5.9.4.3.3F),FLEXURAL DEVELOPMENT,1.0,1166.7142597943957,460.61878976682743
ENV_ULS,4.0,309.638,PASS,Row 4 · fully bonded,4,394.8,0.0,20.0,4000.0,12.7,1115.997973657548,1716.6638108411807,1716.6638108411807,762.0,2866.6065020246856,1.6,kappa=1.6 for pretensioned member depth > 24 in,FULLY DEVELOPED,1.0,1716.6638108411807,677.7388725200982
ENV_ULS,4.0,309.638,PASS,Row 4 · debonded,3,296.1,2.0,18.0,2000.0,12.7,1115.997973657548,1716.6638108411807,1379.57694191174,762.0,3583.258127530857,2.0,kappa=2.0 conservative debonded-strand screen (5.9.4.3.3F),FLEXURAL DEVELOPMENT,1.0,1379.57694191174,408.49273250006627
ENV_ULS,5.0,233.754,PASS,Row 1 · fully bonded,5,493.5,0.0,20.0,5000.0,12.7,1115.997973657548,1724.7091581492195,1724.7091581492195,762.0,2890.3174827522207,1.6,kappa=1.6 for pretensioned member depth > 24 in,FULLY DEVELOPED,1.0,1724.7091581492195,851.1439695466398
ENV_ULS,5.0,233.754,PASS,Row 1 · debonded,4,394.8,5.0,15.0,0.0,12.7,1115.997973657548,1724.7091581492195,0.0,762.0,3612.8968534402757,2.0,kappa=2.0 conservative debonded-strand screen (5.9.4.3.3F),BOND START / SLEEVE,0.0,0.0,0.0
ENV_ULS,5.0,233.754,PASS,Row 2 · fully bonded,5,493.5,0.0,20.0,5000.0,12.7,1115.997973657548,1722.2384880465042,1722.2384880465042,762.0,2883.036005775951,1.6,kappa=1.6 for pretensioned member depth > 24 in,FULLY DEVELOPED,1.0,1722.2384880465042,849.9246938509499
ENV_ULS,5.0,233.754,PASS,Row 2 · debonded,4,394.8,4.0,16.0,1000.0,12.7,1115.997973657548,1722.2384880465042,1166.7705459430215,762.0,3603.7950072199383,2.0,kappa=2.0 conservative debonded-strand screen (5.9.4.3.3F),FLEXURAL DEVELOPMENT,1.0,1166.7705459430215,460.6410115383049
ENV_ULS,5.0,233.754,PASS,Row 3 · fully bonded,5,493.5,0.0,20.0,5000.0,12.7,1115.997973657548,1719.7678179437892,1719.7678179437892,762.0,2875.7545287996813,1.6,kappa=1.6 for pretensioned member depth > 24 in,FULLY DEVELOPED,1.0,1719.7678179437892,848.70541815526
ENV_ULS,5.0,233.754,PASS,Row 3 · debonded,4,394.8,3.0,17.0,2000.0,12.7,1115.997973657548,1719.7678179437892,1379.8694997082553,762.0,3594.6931609996013,2.0,kappa=2.0 conservative debonded-strand screen (5.9.4.3.3F),FLEXURAL DEVELOPMENT,1.0,1379.8694997082553,544.7724784848192
ENV_ULS,5.0,233.754,PASS,Row 4 · fully bonded,4,394.8,0.0,20.0,5000.0,12.7,1115.997973657548,1717.2971478410739,1717.2971478410739,762.0,2868.4730518234114,1.6,kappa=1.6 for pretensioned member depth > 24 in,FULLY DEVELOPED,1.0,1717.2971478410739,677.988913967656
ENV_ULS,5.0,233.754,PASS,Row 4 · debonded,3,296.1,2.0,18.0,3000.0,12.7,1115.997973657548,1717.2971478410739,1592.5922827486045,762.0,3585.591314779264,2.0,kappa=2.0 conservative debonded-strand screen (5.9.4.3.3F),FLEXURAL DEVELOPMENT,1.0,1592.5922827486045,471.56657492186184
ENV_ULS,6.0,161.621,PASS,Row 1 · fully bonded,5,493.5,0.0,20.0,6000.0,12.7,1115.997973657548,1725.3854628368356,1725.3854628368356,762.0,2892.3106654949947,1.6,kappa=1.6 for pretensioned member depth > 24 in,FULLY DEVELOPED,1.0,1725.3854628368356,851.4777259099784
ENV_ULS,6.0,161.621,PASS,Row 1 · debonded,4,394.8,5.0,15.0,1000.0,12.7,1115.997973657548,1725.3854628368356,1166.8267447732148,762.0,3615.3883318687435,2.0,kappa=2.0 conservative debonded-strand screen (5.9.4.3.3F),FLEXURAL DEVELOPMENT,1.0,1166.8267447732148,460.66319883646526
ENV_ULS,6.0,161.621,PASS,Row 2 · fully bonded,5,493.5,0.0,20.0,6000.0,12.7,1115.997973657548,1722.8932293962544,1722.8932293962544,762.0,2884.965637764608,1.6,kappa=1.6 for pretensioned member depth > 24 in,FULLY DEVELOPED,1.0,1722.8932293962544,850.2478087070516
ENV_ULS,6.0,161.621,PASS,Row 2 · debonded,4,394.8,4.0,16.0,2000.0,12.7,1115.997973657548,1722.8932293962544,1380.161698075099,762.0,3606.2070472057594,2.0,kappa=2.0 conservative debonded-strand screen (5.9.4.3.3F),FLEXURAL DEVELOPMENT,1.0,1380.161698075099,544.887838400049
ENV_ULS,6.0,161.621,PASS,Row 3 · fully bonded,5,493.5,0.0,20.0,6000.0,12.7,1115.997973657548,1720.4009959556731,1720.4009959556731,762.0,2877.62061003422,1.6,kappa=1.6 for pretensioned member depth > 24 in,FULLY DEVELOPED,1.0,1720.4009959556731,849.0178915041247
ENV_ULS,6.0,161.621,PASS,Row 3 · debonded,4,394.8,3.0,17.0,3000.0,12.7,1115.997973657548,1720.4009959556731,1593.1202565570125,762.0,3597.025762542775,2.0,kappa=2.0 conservative debonded-strand screen (5.9.4.3.3F),FLEXURAL DEVELOPMENT,1.0,1593.1202565570125,628.9638772887085
ENV_ULS,6.0,161.621,PASS,Row 4 · fully bonded,4,394.8,0.0,20.0,6000.0,12.7,1115.997973657548,1717.908762515092,1717.908762515092,762.0,2870.275582303833,1.6,kappa=1.6 for pretensioned member depth > 24 in,FULLY DEVELOPED,1.0,1717.908762515092,678.2303794409582
ENV_ULS,6.0,161.621,PASS,Row 4 · debonded,3,296.1,2.0,18.0,4000.0,12.7,1115.997973657548,1717.908762515092,1717.908762515092,762.0,3587.844477879791,2.0,kappa=2.0 conservative debonded-strand screen (5.9.4.3.3F),FULLY DEVELOPED,1.0,1717.908762515092,508.6727845807187
ENV_ULS,7.0,97.74,PASS,Row 1 · fully bonded,5,493.5,0.0,20.0,7000.0,12.7,1115.997973657548,1726.0049520099433,1726.0049520099433,762.0,2894.1364034379417,1.6,kappa=1.6 for pretensioned member depth > 24 in,FULLY DEVELOPED,1.0,1726.0049520099433,851.783443816907
ENV_ULS,7.0,97.74,PASS,Row 1 · debonded,4,394.8,5.0,15.0,2000.0,12.7,1115.997973657548,1726.0049520099433,1380.4502758625122,762.0,3617.670504297427,2.0,kappa=2.0 conservative debonded-strand screen (5.9.4.3.3F),FLEXURAL DEVELOPMENT,1.0,1380.4502758625122,545.0017689105198
ENV_ULS,7.0,97.74,PASS,Row 2 · fully bonded,5,493.5,0.0,20.0,7000.0,12.7,1115.997973657548,1723.492966740654,1723.492966740654,762.0,2886.7331637731418,1.6,kappa=1.6 for pretensioned member depth > 24 in,FULLY DEVELOPED,1.0,1723.492966740654,850.5437790865127
ENV_ULS,7.0,97.74,PASS,Row 2 · debonded,4,394.8,4.0,16.0,3000.0,12.7,1115.997973657548,1723.492966740654,1593.6419924262066,762.0,3608.416454716427,2.0,kappa=2.0 conservative debonded-strand screen (5.9.4.3.3F),FLEXURAL DEVELOPMENT,1.0,1593.6419924262066,629.1698586098663
ENV_ULS,7.0,97.74,PASS,Row 3 · fully bonded,5,493.5,0.0,20.0,7000.0,12.7,1115.997973657548,1720.980981471365,1720.980981471365,762.0,2879.3299241083414,1.6,kappa=1.6 for pretensioned member depth > 24 in,FULLY DEVELOPED,1.0,1720.980981471365,849.3041143561187
ENV_ULS,7.0,97.74,PASS,Row 3 · debonded,4,394.8,3.0,17.0,4000.0,12.7,1115.997973657548,1720.980981471365,1720.980981471365,762.0,3599.1624051354265,2.0,kappa=2.0 conservative debonded-strand screen (5.9.4.3.3F),FULLY DEVELOPED,1.0,1720.980981471365,679.443291484895
ENV_ULS,7.0,97.74,PASS,Row 4 · fully bonded,4,394.8,0.0,20.0,7000.0,12.7,1115.997973657548,1718.4689962020761,1718.4689962020761,762.0,2871.9266844435415,1.6,kappa=1.6 for pretensioned member depth > 24 in,FULLY DEVELOPED,1.0,1718.4689962020761,678.4515597005798
ENV_ULS,7.0,97.74,PASS,Row 4 · debonded,3,296.1,2.0,18.0,5000.0,12.7,1115.997973657548,1718.4689962020761,1718.4689962020761,762.0,3589.9083555544266,2.0,kappa=2.0 conservative debonded-strand screen (5.9.4.3.3F),FULLY DEVELOPED,1.0,1718.4689962020761,508.83866977543477
ENV_ULS,8.0,46.195,PASS,Row 1 · fully bonded,5,493.5,0.0,20.0,8000.0,12.7,1115.997973657548,1726.5157327859076,1726.5157327859076,762.0,2895.6417595986118,1.6,kappa=1.6 for pretensioned member depth > 24 in,FULLY DEVELOPED,1.0,1726.5157327859076,852.0355141298454
ENV_ULS,8.0,46.195,PASS,Row 1 · debonded,4,394.8,5.0,15.0,3000.0,12.7,1115.997973657548,1726.5157327859076,1594.1480299081998,762.0,3619.552199498265,2.0,kappa=2.0 conservative debonded-strand screen (5.9.4.3.3F),FLEXURAL DEVELOPMENT,1.0,1594.1480299081998,629.3696422077574
ENV_ULS,8.0,46.195,PASS,Row 2 · fully bonded,5,493.5,0.0,20.0,8000.0,12.7,1115.997973657548,1723.9874617527473,1723.9874617527473,762.0,2888.190523070718,1.6,kappa=1.6 for pretensioned member depth > 24 in,FULLY DEVELOPED,1.0,1723.9874617527473,850.7878123749807
ENV_ULS,8.0,46.195,PASS,Row 2 · debonded,4,394.8,4.0,16.0,4000.0,12.7,1115.997973657548,1723.9874617527473,1723.9874617527473,762.0,3610.2381538383975,2.0,kappa=2.0 conservative debonded-strand screen (5.9.4.3.3F),FULLY DEVELOPED,1.0,1723.9874617527473,680.6302498999847
ENV_ULS,8.0,46.195,PASS,Row 3 · fully bonded,5,493.5,0.0,20.0,8000.0,12.7,1115.997973657548,1721.459190719587,1721.459190719587,762.0,2880.7392865428246,1.6,kappa=1.6 for pretensioned member depth > 24 in,FULLY DEVELOPED,1.0,1721.459190719587,849.5401106201163
ENV_ULS,8.0,46.195,PASS,Row 3 · debonded,4,394.8,3.0,17.0,5000.0,12.7,1115.997973657548,1721.459190719587,1721.459190719587,762.0,3600.9241081785303,2.0,kappa=2.0 conservative debonded-strand screen (5.9.4.3.3F),FULLY DEVELOPED,1.0,1721.459190719587,679.6320884960929
ENV_ULS,8.0,46.195,PASS,Row 4 · fully bonded,4,394.8,0.0,20.0,8000.0,12.7,1115.997973657548,1718.9309196864267,1718.9309196864267,762.0,2873.288050014931,1.6,kappa=1.6 for pretensioned member depth > 24 in,FULLY DEVELOPED,1.0,1718.9309196864267,678.6339270922014
ENV_ULS,8.0,46.195,PASS,Row 4 · debonded,3,296.1,2.0,18.0,6000.0,12.7,1115.997973657548,1718.9309196864267,1718.9309196864267,762.0,3591.610062518663,2.0,kappa=2.0 conservative debonded-strand screen (5.9.4.3.3F),FULLY DEVELOPED,1.0,1718.9309196864267,508.975445319151
ENV_ULS,9.0,26.141,PASS,Row 1 · fully bonded,5,493.5,0.0,20.0,9000.0,12.7,1115.997973657548,1726.7160870378864,1726.7160870378864,762.0,2896.232237004429,1.6,kappa=1.6 for pretensioned member depth > 24 in,FULLY DEVELOPED,1.0,1726.7160870378864,852.1343889531969
ENV_ULS,9.0,26.141,PASS,Row 1 · debonded,4,394.8,5.0,15.0,4000.0,12.7,1115.997973657548,1726.7160870378864,1726.7160870378864,762.0,3620.290296255536,2.0,kappa=2.0 conservative debonded-strand screen (5.9.4.3.3F),FULLY DEVELOPED,1.0,1726.7160870378864,681.7075111625575
ENV_ULS,9.0,26.141,PASS,Row 2 · fully bonded,5,493.5,0.0,20.0,9000.0,12.7,1115.997973657548,1724.1814278981412,1724.1814278981412,762.0,2888.7621736606975,1.6,kappa=1.6 for pretensioned member depth > 24 in,FULLY DEVELOPED,1.0,1724.1814278981412,850.8835346677326
ENV_ULS,9.0,26.141,PASS,Row 2 · debonded,4,394.8,4.0,16.0,5000.0,12.7,1115.997973657548,1724.1814278981412,1724.1814278981412,762.0,3610.9527170758715,2.0,kappa=2.0 conservative debonded-strand screen (5.9.4.3.3F),FULLY DEVELOPED,1.0,1724.1814278981412,680.7068277341862
ENV_ULS,9.0,26.141,PASS,Row 3 · fully bonded,5,493.5,0.0,20.0,9000.0,12.7,1115.997973657548,1721.646768758396,1721.646768758396,762.0,2881.292110316966,1.6,kappa=1.6 for pretensioned member depth > 24 in,FULLY DEVELOPED,1.0,1721.646768758396,849.6326803822685
ENV_ULS,9.0,26.141,PASS,Row 3 · debonded,4,394.8,3.0,17.0,6000.0,12.7,1115.997973657548,1721.646768758396,1721.646768758396,762.0,3601.615137896207,2.0,kappa=2.0 conservative debonded-strand screen (5.9.4.3.3F),FULLY DEVELOPED,1.0,1721.646768758396,679.7061443058147
ENV_ULS,9.0,26.141,PASS,Row 4 · fully bonded,4,394.8,0.0,20.0,9000.0,12.7,1115.997973657548,1719.112109618651,1719.112109618651,762.0,2873.822046973235,1.6,kappa=1.6 for pretensioned member depth > 24 in,FULLY DEVELOPED,1.0,1719.112109618651,678.7054608774434
ENV_ULS,9.0,26.141,PASS,Row 4 · debonded,3,296.1,2.0,18.0,7000.0,12.7,1115.997973657548,1719.112109618651,1719.112109618651,762.0,3592.277558716544,2.0,kappa=2.0 conservative debonded-strand screen (5.9.4.3.3F),FULLY DEVELOPED,1.0,1719.112109618651,509.02909565808255
ENV_ULS,10.0,25.94,PASS,Row 1 · fully bonded,5,493.5,0.0,20.0,10000.0,12.7,1115.997973657548,1726.718100125402,1726.718100125402,762.0,2896.2381699091825,1.6,kappa=1.6 for pretensioned member depth > 24 in,FULLY DEVELOPED,1.0,1726.718100125402,852.1353824118859
ENV_ULS,10.0,25.94,PASS,Row 1 · debonded,4,394.8,5.0,15.0,5000.0,12.7,1115.997973657548,1726.718100125402,1726.718100125402,762.0,3620.297712386478,2.0,kappa=2.0 conservative debonded-strand screen (5.9.4.3.3F),FULLY DEVELOPED,1.0,1726.718100125402,681.7083059295088
ENV_ULS,10.0,25.94,PASS,Row 2 · fully bonded,5,493.5,0.0,20.0,10000.0,12.7,1115.997973657548,1724.1833768002577,1724.1833768002577,762.0,2888.7679174003715,1.6,kappa=1.6 for pretensioned member depth > 24 in,FULLY DEVELOPED,1.0,1724.1833768002577,850.8844964509273
ENV_ULS,10.0,25.94,PASS,Row 2 · debonded,4,394.8,4.0,16.0,6000.0,12.7,1115.997973657548,1724.1833768002577,1724.1833768002577,762.0,3610.9598967504644,2.0,kappa=2.0 conservative debonded-strand screen (5.9.4.3.3F),FULLY DEVELOPED,1.0,1724.1833768002577,680.7075971607418
ENV_ULS,10.0,25.94,PASS,Row 3 · fully bonded,5,493.5,0.0,20.0,10000.0,12.7,1115.997973657548,1721.6486534751136,1721.6486534751136,762.0,2881.2976648915615,1.6,kappa=1.6 for pretensioned member depth > 24 in,FULLY DEVELOPED,1.0,1721.6486534751136,849.6336104899685
ENV_ULS,10.0,25.94,PASS,Row 3 · debonded,4,394.8,3.0,17.0,7000.0,12.7,1115.997973657548,1721.6486534751136,1721.6486534751136,762.0,3601.6220811144517,2.0,kappa=2.0 conservative debonded-strand screen (5.9.4.3.3F),FULLY DEVELOPED,1.0,1721.6486534751136,679.7068883919749
ENV_ULS,10.0,25.94,PASS,Row 4 · fully bonded,4,394.8,0.0,20.0,10000.0,12.7,1115.997973657548,1719.1139301499693,1719.1139301499693,762.0,2873.827412382751,1.6,kappa=1.6 for pretensioned member depth > 24 in,FULLY DEVELOPED,1.0,1719.1139301499693,678.7061796232078
ENV_ULS,10.0,25.94,PASS,Row 4 · debonded,3,296.1,2.0,18.0,8000.0,12.7,1115.997973657548,1719.1139301499693,1719.1139301499693,762.0,3592.284265478438,2.0,kappa=2.0 conservative debonded-strand screen (5.9.4.3.3F),FULLY DEVELOPED,1.0,1719.1139301499693,509.02963471740594
ENV_ULS,11.0,32.958,PASS,Row 1 · fully bonded,5,493.5,0.0,20.0,9000.0,12.7,1115.997973657548,1726.647877061778,1726.647877061778,762.0,2896.031210825321,1.6,kappa=1.6 for pretensioned member depth > 24 in,FULLY DEVELOPED,1.0,1726.647877061778,852.1007273299874
ENV_ULS,11.0,32.958,PASS,Row 1 · debonded,4,394.8,5.0,15.0,4000.0,12.7,1115.997973657548,1726.647877061778,1726.647877061778,762.0,3620.039013531651,2.0,kappa=2.0 conservative debonded-strand screen (5.9.4.3.3F),FULLY DEVELOPED,1.0,1726.647877061778,681.6805818639899
ENV_ULS,11.0,32.958,PASS,Row 2 · fully bonded,5,493.5,0.0,20.0,9000.0,12.7,1115.997973657548,1724.115392732865,1724.115392732865,762.0,2888.567557011937,1.6,kappa=1.6 for pretensioned member depth > 24 in,FULLY DEVELOPED,1.0,1724.115392732865,850.8509463136688
ENV_ULS,11.0,32.958,PASS,Row 2 · debonded,4,394.8,4.0,16.0,5000.0,12.7,1115.997973657548,1724.115392732865,1724.115392732865,762.0,3610.709446264921,2.0,kappa=2.0 conservative debonded-strand screen (5.9.4.3.3F),FULLY DEVELOPED,1.0,1724.115392732865,680.6807570509352
ENV_ULS,11.0,32.958,PASS,Row 3 · fully bonded,5,493.5,0.0,20.0,9000.0,12.7,1115.997973657548,1721.5829084039524,1721.5829084039524,762.0,2881.1039031985542,1.6,kappa=1.6 for pretensioned member depth > 24 in,FULLY DEVELOPED,1.0,1721.5829084039524,849.6011652973505
ENV_ULS,11.0,32.958,PASS,Row 3 · debonded,4,394.8,3.0,17.0,6000.0,12.7,1115.997973657548,1721.5829084039524,1721.5829084039524,762.0,3601.3798789981925,2.0,kappa=2.0 conservative debonded-strand screen (5.9.4.3.3F),FULLY DEVELOPED,1.0,1721.5829084039524,679.6809322378804
ENV_ULS,11.0,32.958,PASS,Row 4 · fully bonded,4,394.8,0.0,20.0,9000.0,12.7,1115.997973657548,1719.0504240750397,1719.0504240750397,762.0,2873.640249385171,1.6,kappa=1.6 for pretensioned member depth > 24 in,FULLY DEVELOPED,1.0,1719.0504240750397,678.6811074248257
ENV_ULS,11.0,32.958,PASS,Row 4 · debonded,3,296.1,2.0,18.0,7000.0,12.7,1115.997973657548,1719.0504240750397,1719.0504240750397,762.0,3592.050311731464,2.0,kappa=2.0 conservative debonded-strand screen (5.9.4.3.3F),FULLY DEVELOPED,1.0,1719.0504240750397,509.0108305686193
ENV_ULS,12.0,40.453,PASS,Row 1 · fully bonded,5,493.5,0.0,20.0,8000.0,12.7,1115.997973657548,1726.573005960681,1726.573005960681,762.0,2895.8105531995916,1.6,kappa=1.6 for pretensioned member depth > 24 in,FULLY DEVELOPED,1.0,1726.573005960681,852.0637784415961
ENV_ULS,12.0,40.453,PASS,Row 1 · debonded,4,394.8,5.0,15.0,3000.0,12.7,1115.997973657548,1726.573005960681,1594.1575798695017,762.0,3619.763191499489,2.0,kappa=2.0 conservative debonded-strand screen (5.9.4.3.3F),FLEXURAL DEVELOPMENT,1.0,1594.1575798695017,629.3734125324793
ENV_ULS,12.0,40.453,PASS,Row 2 · fully bonded,5,493.5,0.0,20.0,8000.0,12.7,1115.997973657548,1724.0429088262958,1724.0429088262958,762.0,2888.353934846739,1.6,kappa=1.6 for pretensioned member depth > 24 in,FULLY DEVELOPED,1.0,1724.0429088262958,850.815175505777
ENV_ULS,12.0,40.453,PASS,Row 2 · debonded,4,394.8,4.0,16.0,4000.0,12.7,1115.997973657548,1724.0429088262958,1724.0429088262958,762.0,3610.442418558423,2.0,kappa=2.0 conservative debonded-strand screen (5.9.4.3.3F),FULLY DEVELOPED,1.0,1724.0429088262958,680.6521404046216
ENV_ULS,12.0,40.453,PASS,Row 3 · fully bonded,5,493.5,0.0,20.0,8000.0,12.7,1115.997973657548,1721.5128116919109,1721.5128116919109,762.0,2880.897316493886,1.6,kappa=1.6 for pretensioned member depth > 24 in,FULLY DEVELOPED,1.0,1721.5128116919109,849.566572569958
ENV_ULS,12.0,40.453,PASS,Row 3 · debonded,4,394.8,3.0,17.0,5000.0,12.7,1115.997973657548,1721.5128116919109,1721.5128116919109,762.0,3601.1216456173574,2.0,kappa=2.0 conservative debonded-strand screen (5.9.4.3.3F),FULLY DEVELOPED,1.0,1721.5128116919109,679.6532580559665
ENV_ULS,12.0,40.453,PASS,Row 4 · fully bonded,4,394.8,0.0,20.0,8000.0,12.7,1115.997973657548,1718.982714557526,1718.982714557526,762.0,2873.4406981410334,1.6,kappa=1.6 for pretensioned member depth > 24 in,FULLY DEVELOPED,1.0,1718.982714557526,678.6543757073113
ENV_ULS,12.0,40.453,PASS,Row 4 · debonded,3,296.1,2.0,18.0,6000.0,12.7,1115.997973657548,1718.982714557526,1718.982714557526,762.0,3591.8008726762914,2.0,kappa=2.0 conservative debonded-strand screen (5.9.4.3.3F),FULLY DEVELOPED,1.0,1718.982714557526,508.9907817804835
ENV_ULS,13.0,48.202,PASS,Row 1 · fully bonded,5,493.5,0.0,20.0,7000.0,12.7,1115.997973657548,1726.4957321381103,1726.4957321381103,762.0,2895.582814352831,1.6,kappa=1.6 for pretensioned member depth > 24 in,FULLY DEVELOPED,1.0,1726.4957321381103,852.0256438101575
ENV_ULS,13.0,48.202,PASS,Row 1 · debonded,4,394.8,5.0,15.0,2000.0,12.7,1115.997973657548,1726.4957321381103,1380.4955788901243,762.0,3619.4785179410387,2.0,kappa=2.0 conservative debonded-strand screen (5.9.4.3.3F),FLEXURAL DEVELOPMENT,1.0,1380.4955788901243,545.0196545458211
ENV_ULS,13.0,48.202,PASS,Row 2 · fully bonded,5,493.5,0.0,20.0,7000.0,12.7,1115.997973657548,1723.9680988067637,1723.9680988067637,762.0,2888.133457238571,1.6,kappa=1.6 for pretensioned member depth > 24 in,FULLY DEVELOPED,1.0,1723.9680988067637,850.7782567611379
ENV_ULS,13.0,48.202,PASS,Row 2 · debonded,4,394.8,4.0,16.0,3000.0,12.7,1115.997973657548,1723.9680988067637,1593.7217957981086,762.0,3610.1668215482136,2.0,kappa=2.0 conservative debonded-strand screen (5.9.4.3.3F),FLEXURAL DEVELOPMENT,1.0,1593.7217957981086,629.2013649810933
ENV_ULS,13.0,48.202,PASS,Row 3 · fully bonded,5,493.5,0.0,20.0,7000.0,12.7,1115.997973657548,1721.440465475417,1721.440465475417,762.0,2880.6841001243106,1.6,kappa=1.6 for pretensioned member depth > 24 in,FULLY DEVELOPED,1.0,1721.440465475417,849.5308697121183
ENV_ULS,13.0,48.202,PASS,Row 3 · debonded,4,394.8,3.0,17.0,4000.0,12.7,1115.997973657548,1721.440465475417,1721.440465475417,762.0,3600.855125155388,2.0,kappa=2.0 conservative debonded-strand screen (5.9.4.3.3F),FULLY DEVELOPED,1.0,1721.440465475417,679.6246957696948
ENV_ULS,13.0,48.202,PASS,Row 4 · fully bonded,4,394.8,0.0,20.0,7000.0,12.7,1115.997973657548,1718.9128321440705,1718.9128321440705,762.0,2873.2347430100504,1.6,kappa=1.6 for pretensioned member depth > 24 in,FULLY DEVELOPED,1.0,1718.9128321440705,678.6267861304791
ENV_ULS,13.0,48.202,PASS,Row 4 · debonded,3,296.1,2.0,18.0,5000.0,12.7,1115.997973657548,1718.9128321440705,1718.9128321440705,762.0,3591.5434287625626,2.0,kappa=2.0 conservative debonded-strand screen (5.9.4.3.3F),FULLY DEVELOPED,1.0,1718.9128321440705,508.9700895978593
ENV_ULS,14.0,55.621,PASS,Row 1 · fully bonded,5,493.5,0.0,20.0,6000.0,12.7,1115.997973657548,1726.4218771266258,1726.4218771266258,762.0,2895.365151312705,1.6,kappa=1.6 for pretensioned member depth > 24 in,FULLY DEVELOPED,1.0,1726.4218771266258,851.9891963619898
ENV_ULS,14.0,55.621,PASS,Row 1 · debonded,4,394.8,5.0,15.0,1000.0,12.7,1115.997973657548,1726.4218771266258,1166.8451532786762,762.0,3619.2064391408812,2.0,kappa=2.0 conservative debonded-strand screen (5.9.4.3.3F),FLEXURAL DEVELOPMENT,1.0,1166.8451532786762,460.6704665144214
ENV_ULS,14.0,55.621,PASS,Row 2 · fully bonded,5,493.5,0.0,20.0,6000.0,12.7,1115.997973657548,1723.8965985927468,1723.8965985927468,762.0,2887.922734179434,1.6,kappa=1.6 for pretensioned member depth > 24 in,FULLY DEVELOPED,1.0,1723.8965985927468,850.7429714055206
ENV_ULS,14.0,55.621,PASS,Row 2 · debonded,4,394.8,4.0,16.0,2000.0,12.7,1115.997973657548,1723.8965985927468,1380.255003227444,762.0,3609.903417724292,2.0,kappa=2.0 conservative debonded-strand screen (5.9.4.3.3F),FLEXURAL DEVELOPMENT,1.0,1380.255003227444,544.9246752741949
ENV_ULS,14.0,55.621,PASS,Row 3 · fully bonded,5,493.5,0.0,20.0,6000.0,12.7,1115.997973657548,1721.371320058868,1721.371320058868,762.0,2880.4803170461632,1.6,kappa=1.6 for pretensioned member depth > 24 in,FULLY DEVELOPED,1.0,1721.371320058868,849.4967464490513
ENV_ULS,14.0,55.621,PASS,Row 3 · debonded,4,394.8,3.0,17.0,3000.0,12.7,1115.997973657548,1721.371320058868,1593.2844388494916,762.0,3600.6003963077037,2.0,kappa=2.0 conservative debonded-strand screen (5.9.4.3.3F),FLEXURAL DEVELOPMENT,1.0,1593.2844388494916,629.0286964577792
ENV_ULS,14.0,55.621,PASS,Row 4 · fully bonded,4,394.8,0.0,20.0,6000.0,12.7,1115.997973657548,1718.846041524989,1718.846041524989,762.0,2873.0378999128925,1.6,kappa=1.6 for pretensioned member depth > 24 in,FULLY DEVELOPED,1.0,1718.846041524989,678.6004171940656
ENV_ULS,14.0,55.621,PASS,Row 4 · debonded,3,296.1,2.0,18.0,4000.0,12.7,1115.997973657548,1718.846041524989,1718.846041524989,762.0,3591.2973748911154,2.0,kappa=2.0 conservative debonded-strand screen (5.9.4.3.3F),FULLY DEVELOPED,1.0,1718.846041524989,508.9503128955493
ENV_ULS,15.0,62.903,PASS,Row 1 · fully bonded,5,493.5,0.0,20.0,5000.0,12.7,1115.997973657548,1726.349507835938,1726.349507835938,762.0,2895.1518669396305,1.6,kappa=1.6 for pretensioned member depth > 24 in,FULLY DEVELOPED,1.0,1726.349507835938,851.9534821170354
ENV_ULS,15.0,62.903,PASS,Row 1 · debonded,4,394.8,5.0,15.0,0.0,12.7,1115.997973657548,1726.349507835938,0.0,762.0,3618.939833674538,2.0,kappa=2.0 conservative debonded-strand screen (5.9.4.3.3F),BOND START / SLEEVE,0.0,0.0,0.0
ENV_ULS,15.0,62.903,PASS,Row 2 · fully bonded,5,493.5,0.0,20.0,5000.0,12.7,1115.997973657548,1723.8265367287188,1723.8265367287188,762.0,2887.716250177675,1.6,kappa=1.6 for pretensioned member depth > 24 in,FULLY DEVELOPED,1.0,1723.8265367287188,850.7083958756227
ENV_ULS,15.0,62.903,PASS,Row 2 · debonded,4,394.8,4.0,16.0,1000.0,12.7,1115.997973657548,1723.8265367287188,1166.7989625885234,762.0,3609.645312722094,2.0,kappa=2.0 conservative debonded-strand screen (5.9.4.3.3F),FLEXURAL DEVELOPMENT,1.0,1166.7989625885234,460.65223042994904
ENV_ULS,15.0,62.903,PASS,Row 3 · fully bonded,5,493.5,0.0,20.0,5000.0,12.7,1115.997973657548,1721.3035656214995,1721.3035656214995,762.0,2880.28063341572,1.6,kappa=1.6 for pretensioned member depth > 24 in,FULLY DEVELOPED,1.0,1721.3035656214995,849.46330963421
ENV_ULS,15.0,62.903,PASS,Row 3 · debonded,4,394.8,3.0,17.0,2000.0,12.7,1115.997973657548,1721.3035656214995,1380.0133747927111,762.0,3600.3507917696497,2.0,kappa=2.0 conservative debonded-strand screen (5.9.4.3.3F),FLEXURAL DEVELOPMENT,1.0,1380.0133747927111,544.8292803681624
ENV_ULS,15.0,62.903,PASS,Row 4 · fully bonded,4,394.8,0.0,20.0,5000.0,12.7,1115.997973657548,1718.7805945142802,1718.7805945142802,762.0,2872.8450166537646,1.6,kappa=1.6 for pretensioned member depth > 24 in,FULLY DEVELOPED,1.0,1718.7805945142802,678.5745787142379
ENV_ULS,15.0,62.903,PASS,Row 4 · debonded,3,296.1,2.0,18.0,3000.0,12.7,1115.997973657548,1718.7805945142802,1592.845153896803,762.0,3591.0562708172056,2.0,kappa=2.0 conservative debonded-strand screen (5.9.4.3.3F),FLEXURAL DEVELOPMENT,1.0,1592.845153896803,471.64145006884337
ENV_ULS,16.0,66.545,PASS,Row 1 · fully bonded,5,493.5,0.0,20.0,4000.0,12.7,1115.997973657548,1726.3133582554453,1726.3133582554453,762.0,2895.045328095059,1.6,kappa=1.6 for pretensioned member depth > 24 in,FULLY DEVELOPED,1.0,1726.3133582554453,851.9356422990622
ENV_ULS,16.0,66.545,PASS,Row 1 · debonded,4,394.8,5.0,15.0,0.0,12.7,1115.997973657548,1726.3133582554453,0.0,762.0,3618.806660118824,2.0,kappa=2.0 conservative debonded-strand screen (5.9.4.3.3F),BOND START / SLEEVE,0.0,0.0,0.0
ENV_ULS,16.0,66.545,PASS,Row 2 · fully bonded,5,493.5,0.0,20.0,4000.0,12.7,1115.997973657548,1723.791539743546,1723.791539743546,762.0,2887.6131082238007,1.6,kappa=1.6 for pretensioned member depth > 24 in,FULLY DEVELOPED,1.0,1723.791539743546,850.6911248634399
ENV_ULS,16.0,66.545,PASS,Row 2 · debonded,4,394.8,4.0,16.0,0.0,12.7,1115.997973657548,1723.791539743546,0.0,762.0,3609.5163852797505,2.0,kappa=2.0 conservative debonded-strand screen (5.9.4.3.3F),BOND START / SLEEVE,0.0,0.0,0.0
ENV_ULS,16.0,66.545,PASS,Row 3 · fully bonded,5,493.5,0.0,20.0,4000.0,12.7,1115.997973657548,1721.2697212316468,1721.2697212316468,762.0,2880.1808883525414,1.6,kappa=1.6 for pretensioned member depth > 24 in,FULLY DEVELOPED,1.0,1721.2697212316468,849.4466074278176
ENV_ULS,16.0,66.545,PASS,Row 3 · debonded,4,394.8,3.0,17.0,1000.0,12.7,1115.997973657548,1721.2697212316468,1166.7531532370456,762.0,3600.2261104406766,2.0,kappa=2.0 conservative debonded-strand screen (5.9.4.3.3F),FLEXURAL DEVELOPMENT,1.0,1166.7531532370456,460.6341448979856
ENV_ULS,16.0,66.545,PASS,Row 4 · fully bonded,4,394.8,0.0,20.0,4000.0,12.7,1115.997973657548,1718.7479027197476,1718.7479027197476,762.0,2872.748668481283,1.6,kappa=1.6 for pretensioned member depth > 24 in,FULLY DEVELOPED,1.0,1718.7479027197476,678.5616719937564
ENV_ULS,16.0,66.545,PASS,Row 4 · debonded,3,296.1,2.0,18.0,2000.0,12.7,1115.997973657548,1718.7479027197476,1379.7736319061964,762.0,3590.9358356016032,2.0,kappa=2.0 conservative debonded-strand screen (5.9.4.3.3F),FLEXURAL DEVELOPMENT,1.0,1379.7736319061964,408.5509724074248
ENV_ULS,17.0,63.001,PASS,Row 1 · fully bonded,5,493.5,0.0,20.0,3000.0,12.7,1115.997973657548,1726.3485347914818,1726.3485347914818,762.0,2895.148999215284,1.6,kappa=1.6 for pretensioned member depth > 24 in,FULLY DEVELOPED,1.0,1726.3485347914818,851.9530019195962
ENV_ULS,17.0,63.001,PASS,Row 1 · debonded,4,394.8,5.0,15.0,0.0,12.7,1115.997973657548,1726.3485347914818,0.0,762.0,3618.9362490191047,2.0,kappa=2.0 conservative debonded-strand screen (5.9.4.3.3F),BOND START / SLEEVE,0.0,0.0,0.0
ENV_ULS,17.0,63.001,PASS,Row 2 · fully bonded,5,493.5,0.0,20.0,3000.0,12.7,1115.997973657548,1723.8255947088683,1723.8255947088683,762.0,2887.713473888018,1.6,kappa=1.6 for pretensioned member depth > 24 in,FULLY DEVELOPED,1.0,1723.8255947088683,850.7079309888264
ENV_ULS,17.0,63.001,PASS,Row 2 · debonded,4,394.8,4.0,16.0,0.0,12.7,1115.997973657548,1723.8255947088683,0.0,762.0,3609.6418423600226,2.0,kappa=2.0 conservative debonded-strand screen (5.9.4.3.3F),BOND START / SLEEVE,0.0,0.0,0.0
ENV_ULS,17.0,63.001,PASS,Row 3 · fully bonded,5,493.5,0.0,20.0,3000.0,12.7,1115.997973657548,1721.302654626255,1721.302654626255,762.0,2880.277948560752,1.6,kappa=1.6 for pretensioned member depth > 24 in,FULLY DEVELOPED,1.0,1721.302654626255,849.4628600580568
ENV_ULS,17.0,63.001,PASS,Row 3 · debonded,4,394.8,3.0,17.0,0.0,12.7,1115.997973657548,1721.302654626255,0.0,762.0,3600.34743570094,2.0,kappa=2.0 conservative debonded-strand screen (5.9.4.3.3F),BOND START / SLEEVE,0.0,0.0,0.0
ENV_ULS,17.0,63.001,PASS,Row 4 · fully bonded,4,394.8,0.0,20.0,3000.0,12.7,1115.997973657548,1718.7797145436414,1718.7797145436414,762.0,2872.842423233486,1.6,kappa=1.6 for pretensioned member depth > 24 in,FULLY DEVELOPED,1.0,1718.7797145436414,678.5742313018297
ENV_ULS,17.0,63.001,PASS,Row 4 · debonded,3,296.1,2.0,18.0,1000.0,12.7,1115.997973657548,1718.7797145436414,1166.7082476814599,762.0,3591.0530290418574,2.0,kappa=2.0 conservative debonded-strand screen (5.9.4.3.3F),FLEXURAL DEVELOPMENT,1.0,1166.7082476814599,345.4623121384803
ENV_ULS,18.0,45.665,PASS,Row 1 · fully bonded,5,493.5,0.0,20.0,2000.0,12.7,1115.997973657548,1726.5210162742055,1470.2383269730894,762.0,2895.6573309200735,1.6,kappa=1.6 for pretensioned member depth > 24 in,FLEXURAL DEVELOPMENT,1.0,1470.2383269730894,725.5626143612197
ENV_ULS,18.0,45.665,PASS,Row 1 · debonded,4,394.8,5.0,15.0,0.0,12.7,1115.997973657548,1726.5210162742055,0.0,762.0,3619.571663650092,2.0,kappa=2.0 conservative debonded-strand screen (5.9.4.3.3F),BOND START / SLEEVE,0.0,0.0,0.0
ENV_ULS,18.0,45.665,PASS,Row 2 · fully bonded,5,493.5,0.0,20.0,2000.0,12.7,1115.997973657548,1723.992576781998,1470.0076326510555,762.0,2888.2055979152638,1.6,kappa=1.6 for pretensioned member depth > 24 in,FLEXURAL DEVELOPMENT,1.0,1470.0076326510555,725.4487667132959
ENV_ULS,18.0,45.665,PASS,Row 2 · debonded,4,394.8,4.0,16.0,0.0,12.7,1115.997973657548,1723.992576781998,0.0,762.0,3610.2569973940795,2.0,kappa=2.0 conservative debonded-strand screen (5.9.4.3.3F),BOND START / SLEEVE,0.0,0.0,0.0
ENV_ULS,18.0,45.665,PASS,Row 3 · fully bonded,5,493.5,0.0,20.0,2000.0,12.7,1115.997973657548,1721.4641372897904,1469.7753156086837,762.0,2880.7538649104536,1.6,kappa=1.6 for pretensioned member depth > 24 in,FLEXURAL DEVELOPMENT,1.0,1469.7753156086837,725.3341182528854
ENV_ULS,18.0,45.665,PASS,Row 3 · debonded,4,394.8,3.0,17.0,0.0,12.7,1115.997973657548,1721.4641372897904,0.0,762.0,3600.942331138067,2.0,kappa=2.0 conservative debonded-strand screen (5.9.4.3.3F),BOND START / SLEEVE,0.0,0.0,0.0
ENV_ULS,18.0,45.665,PASS,Row 4 · fully bonded,4,394.8,0.0,20.0,2000.0,12.7,1115.997973657548,1718.9356977975829,1469.541358664049,762.0,2873.3021319056434,1.6,kappa=1.6 for pretensioned member depth > 24 in,FLEXURAL DEVELOPMENT,1.0,1469.541358664049,580.1749284005666
ENV_ULS,18.0,45.665,PASS,Row 4 · debonded,3,296.1,2.0,18.0,0.0,12.7,1115.997973657548,1718.9356977975829,0.0,762.0,3591.6276648820544,2.0,kappa=2.0 conservative debonded-strand screen (5.9.4.3.3F),BOND START / SLEEVE,0.0,0.0,0.0
ENV_ULS,19.0,10.93,PASS,Row 1 · fully bonded,5,493.5,0.0,20.0,1000.0,12.7,1115.997973657548,1726.8686709714893,1184.1051816216686,762.0,2896.6819273124383,1.6,kappa=1.6 for pretensioned member depth > 24 in,FLEXURAL DEVELOPMENT,1.0,1184.1051816216686,584.3559071302934
ENV_ULS,19.0,10.93,PASS,Row 1 · debonded,4,394.8,5.0,15.0,0.0,12.7,1115.997973657548,1726.8686709714893,0.0,762.0,3620.8524091405475,2.0,kappa=2.0 conservative debonded-strand screen (5.9.4.3.3F),BOND START / SLEEVE,0.0,0.0,0.0
ENV_ULS,19.0,10.93,PASS,Row 2 · fully bonded,5,493.5,0.0,20.0,1000.0,12.7,1115.997973657548,1724.3291468367597,1184.0606793752233,762.0,2889.197526016857,1.6,kappa=1.6 for pretensioned member depth > 24 in,FLEXURAL DEVELOPMENT,1.0,1184.0606793752233,584.3339452716726
ENV_ULS,19.0,10.93,PASS,Row 2 · debonded,4,394.8,4.0,16.0,0.0,12.7,1115.997973657548,1724.3291468367597,0.0,762.0,3611.496907521071,2.0,kappa=2.0 conservative debonded-strand screen (5.9.4.3.3F),BOND START / SLEEVE,0.0,0.0,0.0
ENV_ULS,19.0,10.93,PASS,Row 3 · fully bonded,5,493.5,0.0,20.0,1000.0,12.7,1115.997973657548,1721.78962270203,1184.0158628667518,762.0,2881.7131247212756,1.6,kappa=1.6 for pretensioned member depth > 24 in,FLEXURAL DEVELOPMENT,1.0,1184.0158628667518,584.311828324742
ENV_ULS,19.0,10.93,PASS,Row 3 · debonded,4,394.8,3.0,17.0,0.0,12.7,1115.997973657548,1721.78962270203,0.0,762.0,3602.141405901594,2.0,kappa=2.0 conservative debonded-strand screen (5.9.4.3.3F),BOND START / SLEEVE,0.0,0.0,0.0
ENV_ULS,19.0,10.93,PASS,Row 4 · fully bonded,4,394.8,0.0,20.0,1000.0,12.7,1115.997973657548,1719.2500985673005,1183.9707287556168,762.0,2874.228723425695,1.6,kappa=1.6 for pretensioned member depth > 24 in,FLEXURAL DEVELOPMENT,1.0,1183.9707287556168,467.4316437127175
ENV_ULS,19.0,10.93,PASS,Row 4 · debonded,3,296.1,2.0,18.0,0.0,12.7,1115.997973657548,1719.2500985673005,0.0,762.0,3592.7859042821187,2.0,kappa=2.0 conservative debonded-strand screen (5.9.4.3.3F),BOND START / SLEEVE,0.0,0.0,0.0
ENV_ULS,20.0,-1.492,NO EQUILIBRIUM,Row 1 · fully bonded,5,493.5,0.0,20.0,0.0,12.7,1115.997973657548,1726.9936733213888,0.0,762.0,2897.050330091818,1.6,kappa=1.6 for pretensioned member depth > 24 in,BOND START / SLEEVE,0.0,,
ENV_ULS,20.0,-1.492,NO EQUILIBRIUM,Row 1 · debonded,4,394.8,5.0,15.0,0.0,12.7,1115.997973657548,1726.9936733213888,0.0,762.0,3621.3129126147724,2.0,kappa=2.0 conservative debonded-strand screen (5.9.4.3.3F),BOND START / SLEEVE,0.0,,
ENV_ULS,20.0,-1.492,NO EQUILIBRIUM,Row 2 · fully bonded,5,493.5,0.0,20.0,0.0,12.7,1115.997973657548,1724.4501636044884,0.0,762.0,2889.5541826206622,1.6,kappa=1.6 for pretensioned member depth > 24 in,BOND START / SLEEVE,0.0,,
ENV_ULS,20.0,-1.492,NO EQUILIBRIUM,Row 2 · debonded,4,394.8,4.0,16.0,0.0,12.7,1115.997973657548,1724.4501636044884,0.0,762.0,3611.942728275828,2.0,kappa=2.0 conservative debonded-strand screen (5.9.4.3.3F),BOND START / SLEEVE,0.0,,
ENV_ULS,20.0,-1.492,NO EQUILIBRIUM,Row 3 · fully bonded,5,493.5,0.0,20.0,0.0,12.7,1115.997973657548,1721.906653887588,0.0,762.0,2882.058035149507,1.6,kappa=1.6 for pretensioned member depth > 24 in,BOND START / SLEEVE,0.0,,
ENV_ULS,20.0,-1.492,NO EQUILIBRIUM,Row 3 · debonded,4,394.8,3.0,17.0,0.0,12.7,1115.997973657548,1721.906653887588,0.0,762.0,3602.5725439368834,2.0,kappa=2.0 conservative debonded-strand screen (5.9.4.3.3F),BOND START / SLEEVE,0.0,,
ENV_ULS,20.0,-1.492,NO EQUILIBRIUM,Row 4 · fully bonded,4,394.8,0.0,20.0,0.0,12.7,1115.997973657548,1719.3631441706877,0.0,762.0,2874.561887678352,1.6,kappa=1.6 for pretensioned member depth > 24 in,BOND START / SLEEVE,0.0,,
ENV_ULS,20.0,-1.492,NO EQUILIBRIUM,Row 4 · debonded,3,296.1,2.0,18.0,0.0,12.7,1115.997973657548,1719.3631441706877,0.0,762.0,3593.2023595979394,2.0,kappa=2.0 conservative debonded-strand screen (5.9.4.3.3F),BOND START / SLEEVE,0.0,,
