Girder,Zone,Issue,Status,Affected rows,Governing x m,D/C,Case,Required action
Left Exterior Girder,Left support,Pretensioned steel condition,FAIL,24,0.0,,Left Exterior Girder / ULS_Exterior and Interior I Girder_Load case U1A.xlsx [867d0786] / ULS_Exterior and Interior I Girder_Load case U1A / Left Exterior Girder / Max / set 1,ตรวจด้านรับแรงดึง ตำแหน่ง strand และระยะ transfer/development/debonding ตามแบบ; ต้องมี Aps·fps > As·fy การเพิ่ม As ต้องตรวจเงื่อนไขนี้ใหม่
Left Exterior Girder,Right support,Pretensioned steel condition,FAIL,24,19.0,,Left Exterior Girder / ULS_Exterior and Interior I Girder_Load case U1A.xlsx [867d0786] / ULS_Exterior and Interior I Girder_Load case U1A / Left Exterior Girder / Max / set 1,ตรวจด้านรับแรงดึง ตำแหน่ง strand และระยะ transfer/development/debonding ตามแบบ; ต้องมี Aps·fps > As·fy การเพิ่ม As ต้องตรวจเงื่อนไขนี้ใหม่
Left Exterior Girder,Left support,Longitudinal force,FAIL,2,1.0,1.0279514751157675,Left Exterior Girder / ULS_Exterior and Interior I Girder_Load case U2A.xlsx [dffd05f1] / ULS_Exterior and Interior I Girder_Load case U2A / Left Exterior Girder / Max / set 2,"แรงตามยาวด้าน BOTTOM ขาด 69.4 kN; ปรับเหล็กตามยาวที่พัฒนากำลังได้/strand แล้วคำนวณ εs, fps และเงื่อนไข Aps·fps > As·fy พร้อมกัน"
Left Exterior Girder,Left transition,Longitudinal force,FAIL,4,2.0,1.0471794890972461,Left Exterior Girder / ULS_Exterior and Interior I Girder_Load case U2A.xlsx [dffd05f1] / ULS_Exterior and Interior I Girder_Load case U2A / Left Exterior Girder / Max / set 1,"แรงตามยาวด้าน BOTTOM ขาด 163.8 kN; ปรับเหล็กตามยาวที่พัฒนากำลังได้/strand แล้วคำนวณ εs, fps และเงื่อนไข Aps·fps > As·fy พร้อมกัน"
Left Exterior Girder,Midspan,Longitudinal force,FAIL,3,5.0,1.0291141108423294,Left Exterior Girder / ULS_Exterior and Interior I Girder_Load case U2A.xlsx [dffd05f1] / ULS_Exterior and Interior I Girder_Load case U2A / Left Exterior Girder / Max / set 1,"แรงตามยาวด้าน BOTTOM ขาด 162.2 kN; ปรับเหล็กตามยาวที่พัฒนากำลังได้/strand แล้วคำนวณ εs, fps และเงื่อนไข Aps·fps > As·fy พร้อมกัน"
Interior Girder 2,Left support,Pretensioned steel condition,FAIL,24,0.0,,Interior Girder 2 / ULS_Exterior and Interior I Girder_Load case U1A.xlsx [867d0786] / ULS_Exterior and Interior I Girder_Load case U1A / Interior Girder 2 / Max / set 1,ตรวจด้านรับแรงดึง ตำแหน่ง strand และระยะ transfer/development/debonding ตามแบบ; ต้องมี Aps·fps > As·fy การเพิ่ม As ต้องตรวจเงื่อนไขนี้ใหม่
Interior Girder 2,Right transition,Longitudinal force,FAIL,10,18.0,1.1395850951903597,Interior Girder 2 / ULS_Exterior and Interior I Girder_Load case U2A.xlsx [dffd05f1] / ULS_Exterior and Interior I Girder_Load case U2A / Interior Girder 2 / Max / set 2,"แรงตามยาวด้าน BOTTOM ขาด 484.5 kN; ปรับเหล็กตามยาวที่พัฒนากำลังได้/strand แล้วคำนวณ εs, fps และเงื่อนไข Aps·fps > As·fy พร้อมกัน"
Interior Girder 2,Right support,Longitudinal force,FAIL,6,19.0,1.143882200591827,Interior Girder 2 / ULS_Exterior and Interior I Girder_Load case U2A.xlsx [dffd05f1] / ULS_Exterior and Interior I Girder_Load case U2A / Interior Girder 2 / Max / set 1,"แรงตามยาวด้าน BOTTOM ขาด 357.5 kN; ปรับเหล็กตามยาวที่พัฒนากำลังได้/strand แล้วคำนวณ εs, fps และเงื่อนไข Aps·fps > As·fy พร้อมกัน"
Interior Girder 2,Right support,Pretensioned steel condition,FAIL,24,19.0,,Interior Girder 2 / ULS_Exterior and Interior I Girder_Load case U1A.xlsx [867d0786] / ULS_Exterior and Interior I Girder_Load case U1A / Interior Girder 2 / Max / set 1,ตรวจด้านรับแรงดึง ตำแหน่ง strand และระยะ transfer/development/debonding ตามแบบ; ต้องมี Aps·fps > As·fy การเพิ่ม As ต้องตรวจเงื่อนไขนี้ใหม่
Interior Girder 2,Midspan,Longitudinal force,FAIL,3,15.0,1.058284775301562,Interior Girder 2 / ULS_Exterior and Interior I Girder_Load case U2A.xlsx [dffd05f1] / ULS_Exterior and Interior I Girder_Load case U2A / Interior Girder 2 / Max / set 2,"แรงตามยาวด้าน BOTTOM ขาด 324.7 kN; ปรับเหล็กตามยาวที่พัฒนากำลังได้/strand แล้วคำนวณ εs, fps และเงื่อนไข Aps·fps > As·fy พร้อมกัน"
Left Exterior Girder,Left support,Longitudinal development,REVIEW,24,0.0,,Left Exterior Girder / ULS_Exterior and Interior I Girder_Load case U1A.xlsx [867d0786] / ULS_Exterior and Interior I Girder_Load case U1A / Left Exterior Girder / Max / set 1,ระบุ/ตรวจระยะพัฒนากำลังและ anchorage ของเหล็กคานและ deck จากแบบจริง แล้วคำนวณใหม่
Left Exterior Girder,Left support,Force concurrency,REVIEW,48,0.0,,Left Exterior Girder / ULS_Exterior and Interior I Girder_Load case U1A.xlsx [867d0786] / ULS_Exterior and Interior I Girder_Load case U1A / Left Exterior Girder / Max / set 1,"ตรวจชุด Mu, Nu, Vu, Tu ที่เกิดพร้อมกันจาก case/step/ตำแหน่งเดียวกัน และหลักฐาน CSI source; envelope ยังเป็น REVIEW"
Left Exterior Girder,Left support,Girder–deck interface,REVIEW,48,0.0,,Left Exterior Girder / ULS_Exterior and Interior I Girder_Load case U1A.xlsx [867d0786] / ULS_Exterior and Interior I Girder_Load case U1A / Left Exterior Girder / Max / set 1,ตรวจ interface shear และข้อมูลการทำงานร่วมกันของ girder–deck ให้ครบ แล้ว Calculate สำหรับ inputs ปัจจุบัน
Left Exterior Girder,Left support,Effective depth source,REVIEW,48,0.0,,Left Exterior Girder / ULS_Exterior and Interior I Girder_Load case U1A.xlsx [867d0786] / ULS_Exterior and Interior I Girder_Load case U1A / Left Exterior Girder / Max / set 1,ตรวจที่มาของ d/dv และข้อมูล composite/development ใน Depth note แล้วคำนวณใหม่
Left Exterior Girder,Left support,Negative composite route,REVIEW,4,0.0,,Left Exterior Girder / ULS_Exterior and Interior I Girder_Load case U1A.xlsx [867d0786] / ULS_Exterior and Interior I Girder_Load case U1A / Left Exterior Girder / Min / set 1,ตรวจและยืนยันหน้าตัด composite ด้านแรงดึงบนและการพัฒนากำลัง deck; ผล force check อย่างเดียวไม่ยืนยัน negative composite flexure
Left Exterior Girder,Left transition,Longitudinal development,REVIEW,48,2.0,,Left Exterior Girder / ULS_Exterior and Interior I Girder_Load case U1A.xlsx [867d0786] / ULS_Exterior and Interior I Girder_Load case U1A / Left Exterior Girder / Max / set 1,ระบุ/ตรวจระยะพัฒนากำลังและ anchorage ของเหล็กคานและ deck จากแบบจริง แล้วคำนวณใหม่
Left Exterior Girder,Left transition,Force concurrency,REVIEW,96,2.0,,Left Exterior Girder / ULS_Exterior and Interior I Girder_Load case U1A.xlsx [867d0786] / ULS_Exterior and Interior I Girder_Load case U1A / Left Exterior Girder / Max / set 1,"ตรวจชุด Mu, Nu, Vu, Tu ที่เกิดพร้อมกันจาก case/step/ตำแหน่งเดียวกัน และหลักฐาน CSI source; envelope ยังเป็น REVIEW"
Left Exterior Girder,Left transition,Girder–deck interface,REVIEW,96,2.0,,Left Exterior Girder / ULS_Exterior and Interior I Girder_Load case U1A.xlsx [867d0786] / ULS_Exterior and Interior I Girder_Load case U1A / Left Exterior Girder / Max / set 1,ตรวจ interface shear และข้อมูลการทำงานร่วมกันของ girder–deck ให้ครบ แล้ว Calculate สำหรับ inputs ปัจจุบัน
Left Exterior Girder,Left transition,Effective depth source,REVIEW,96,2.0,,Left Exterior Girder / ULS_Exterior and Interior I Girder_Load case U1A.xlsx [867d0786] / ULS_Exterior and Interior I Girder_Load case U1A / Left Exterior Girder / Max / set 1,ตรวจที่มาของ d/dv และข้อมูล composite/development ใน Depth note แล้วคำนวณใหม่
Left Exterior Girder,Midspan,Longitudinal development,REVIEW,176,5.0,,Left Exterior Girder / ULS_Exterior and Interior I Girder_Load case U1A.xlsx [867d0786] / ULS_Exterior and Interior I Girder_Load case U1A / Left Exterior Girder / Max / set 1,ระบุ/ตรวจระยะพัฒนากำลังและ anchorage ของเหล็กคานและ deck จากแบบจริง แล้วคำนวณใหม่
Left Exterior Girder,Midspan,Force concurrency,REVIEW,352,5.0,,Left Exterior Girder / ULS_Exterior and Interior I Girder_Load case U1A.xlsx [867d0786] / ULS_Exterior and Interior I Girder_Load case U1A / Left Exterior Girder / Max / set 1,"ตรวจชุด Mu, Nu, Vu, Tu ที่เกิดพร้อมกันจาก case/step/ตำแหน่งเดียวกัน และหลักฐาน CSI source; envelope ยังเป็น REVIEW"
Left Exterior Girder,Midspan,Girder–deck interface,REVIEW,352,5.0,,Left Exterior Girder / ULS_Exterior and Interior I Girder_Load case U1A.xlsx [867d0786] / ULS_Exterior and Interior I Girder_Load case U1A / Left Exterior Girder / Max / set 1,ตรวจ interface shear และข้อมูลการทำงานร่วมกันของ girder–deck ให้ครบ แล้ว Calculate สำหรับ inputs ปัจจุบัน
Left Exterior Girder,Midspan,Effective depth source,REVIEW,352,5.0,,Left Exterior Girder / ULS_Exterior and Interior I Girder_Load case U1A.xlsx [867d0786] / ULS_Exterior and Interior I Girder_Load case U1A / Left Exterior Girder / Max / set 1,ตรวจที่มาของ d/dv และข้อมูล composite/development ใน Depth note แล้วคำนวณใหม่
Left Exterior Girder,Right transition,Longitudinal development,REVIEW,48,16.0,,Left Exterior Girder / ULS_Exterior and Interior I Girder_Load case U1A.xlsx [867d0786] / ULS_Exterior and Interior I Girder_Load case U1A / Left Exterior Girder / Max / set 1,ระบุ/ตรวจระยะพัฒนากำลังและ anchorage ของเหล็กคานและ deck จากแบบจริง แล้วคำนวณใหม่
Left Exterior Girder,Right transition,Force concurrency,REVIEW,96,16.0,,Left Exterior Girder / ULS_Exterior and Interior I Girder_Load case U1A.xlsx [867d0786] / ULS_Exterior and Interior I Girder_Load case U1A / Left Exterior Girder / Max / set 1,"ตรวจชุด Mu, Nu, Vu, Tu ที่เกิดพร้อมกันจาก case/step/ตำแหน่งเดียวกัน และหลักฐาน CSI source; envelope ยังเป็น REVIEW"
Left Exterior Girder,Right transition,Girder–deck interface,REVIEW,96,16.0,,Left Exterior Girder / ULS_Exterior and Interior I Girder_Load case U1A.xlsx [867d0786] / ULS_Exterior and Interior I Girder_Load case U1A / Left Exterior Girder / Max / set 1,ตรวจ interface shear และข้อมูลการทำงานร่วมกันของ girder–deck ให้ครบ แล้ว Calculate สำหรับ inputs ปัจจุบัน
Left Exterior Girder,Right transition,Effective depth source,REVIEW,96,16.0,,Left Exterior Girder / ULS_Exterior and Interior I Girder_Load case U1A.xlsx [867d0786] / ULS_Exterior and Interior I Girder_Load case U1A / Left Exterior Girder / Max / set 1,ตรวจที่มาของ d/dv และข้อมูล composite/development ใน Depth note แล้วคำนวณใหม่
Left Exterior Girder,Right support,Longitudinal development,REVIEW,24,19.0,,Left Exterior Girder / ULS_Exterior and Interior I Girder_Load case U1A.xlsx [867d0786] / ULS_Exterior and Interior I Girder_Load case U1A / Left Exterior Girder / Max / set 1,ระบุ/ตรวจระยะพัฒนากำลังและ anchorage ของเหล็กคานและ deck จากแบบจริง แล้วคำนวณใหม่
Left Exterior Girder,Right support,Force concurrency,REVIEW,48,19.0,,Left Exterior Girder / ULS_Exterior and Interior I Girder_Load case U1A.xlsx [867d0786] / ULS_Exterior and Interior I Girder_Load case U1A / Left Exterior Girder / Max / set 1,"ตรวจชุด Mu, Nu, Vu, Tu ที่เกิดพร้อมกันจาก case/step/ตำแหน่งเดียวกัน และหลักฐาน CSI source; envelope ยังเป็น REVIEW"
Left Exterior Girder,Right support,Girder–deck interface,REVIEW,48,19.0,,Left Exterior Girder / ULS_Exterior and Interior I Girder_Load case U1A.xlsx [867d0786] / ULS_Exterior and Interior I Girder_Load case U1A / Left Exterior Girder / Max / set 1,ตรวจ interface shear และข้อมูลการทำงานร่วมกันของ girder–deck ให้ครบ แล้ว Calculate สำหรับ inputs ปัจจุบัน
Left Exterior Girder,Right support,Effective depth source,REVIEW,48,19.0,,Left Exterior Girder / ULS_Exterior and Interior I Girder_Load case U1A.xlsx [867d0786] / ULS_Exterior and Interior I Girder_Load case U1A / Left Exterior Girder / Max / set 1,ตรวจที่มาของ d/dv และข้อมูล composite/development ใน Depth note แล้วคำนวณใหม่
Left Exterior Girder,Right support,Negative composite route,REVIEW,4,20.0,,Left Exterior Girder / ULS_Exterior and Interior I Girder_Load case U1A.xlsx [867d0786] / ULS_Exterior and Interior I Girder_Load case U1A / Left Exterior Girder / Min / set 1,ตรวจและยืนยันหน้าตัด composite ด้านแรงดึงบนและการพัฒนากำลัง deck; ผล force check อย่างเดียวไม่ยืนยัน negative composite flexure
Left Exterior Girder,-,Force concurrency,REVIEW,60,0.0,,Left Exterior Girder / ULS_Exterior and Interior I Girder_Load case U1A.xlsx [867d0786] / ULS_Exterior and Interior I Girder_Load case U1A / Left Exterior Girder / Min / set 1,"ตรวจชุด Mu, Nu, Vu, Tu ที่เกิดพร้อมกันจาก case/step/ตำแหน่งเดียวกัน และหลักฐาน CSI source; envelope ยังเป็น REVIEW"
Interior Girder 2,Left support,Longitudinal development,REVIEW,24,0.0,,Interior Girder 2 / ULS_Exterior and Interior I Girder_Load case U1A.xlsx [867d0786] / ULS_Exterior and Interior I Girder_Load case U1A / Interior Girder 2 / Max / set 1,ระบุ/ตรวจระยะพัฒนากำลังและ anchorage ของเหล็กคานและ deck จากแบบจริง แล้วคำนวณใหม่
Interior Girder 2,Left support,Force concurrency,REVIEW,48,0.0,,Interior Girder 2 / ULS_Exterior and Interior I Girder_Load case U1A.xlsx [867d0786] / ULS_Exterior and Interior I Girder_Load case U1A / Interior Girder 2 / Max / set 1,"ตรวจชุด Mu, Nu, Vu, Tu ที่เกิดพร้อมกันจาก case/step/ตำแหน่งเดียวกัน และหลักฐาน CSI source; envelope ยังเป็น REVIEW"
Interior Girder 2,Left support,Girder–deck interface,REVIEW,48,0.0,,Interior Girder 2 / ULS_Exterior and Interior I Girder_Load case U1A.xlsx [867d0786] / ULS_Exterior and Interior I Girder_Load case U1A / Interior Girder 2 / Max / set 1,ตรวจ interface shear และข้อมูลการทำงานร่วมกันของ girder–deck ให้ครบ แล้ว Calculate สำหรับ inputs ปัจจุบัน
Interior Girder 2,Left support,Effective depth source,REVIEW,48,0.0,,Interior Girder 2 / ULS_Exterior and Interior I Girder_Load case U1A.xlsx [867d0786] / ULS_Exterior and Interior I Girder_Load case U1A / Interior Girder 2 / Max / set 1,ตรวจที่มาของ d/dv และข้อมูล composite/development ใน Depth note แล้วคำนวณใหม่
Interior Girder 2,Left support,Negative composite route,REVIEW,4,0.0,,Interior Girder 2 / ULS_Exterior and Interior I Girder_Load case U1A.xlsx [867d0786] / ULS_Exterior and Interior I Girder_Load case U1A / Interior Girder 2 / Min / set 1,ตรวจและยืนยันหน้าตัด composite ด้านแรงดึงบนและการพัฒนากำลัง deck; ผล force check อย่างเดียวไม่ยืนยัน negative composite flexure
Interior Girder 2,Left transition,Longitudinal development,REVIEW,48,2.0,,Interior Girder 2 / ULS_Exterior and Interior I Girder_Load case U1A.xlsx [867d0786] / ULS_Exterior and Interior I Girder_Load case U1A / Interior Girder 2 / Max / set 1,ระบุ/ตรวจระยะพัฒนากำลังและ anchorage ของเหล็กคานและ deck จากแบบจริง แล้วคำนวณใหม่
Interior Girder 2,Left transition,Force concurrency,REVIEW,96,2.0,,Interior Girder 2 / ULS_Exterior and Interior I Girder_Load case U1A.xlsx [867d0786] / ULS_Exterior and Interior I Girder_Load case U1A / Interior Girder 2 / Max / set 1,"ตรวจชุด Mu, Nu, Vu, Tu ที่เกิดพร้อมกันจาก case/step/ตำแหน่งเดียวกัน และหลักฐาน CSI source; envelope ยังเป็น REVIEW"
Interior Girder 2,Left transition,Girder–deck interface,REVIEW,96,2.0,,Interior Girder 2 / ULS_Exterior and Interior I Girder_Load case U1A.xlsx [867d0786] / ULS_Exterior and Interior I Girder_Load case U1A / Interior Girder 2 / Max / set 1,ตรวจ interface shear และข้อมูลการทำงานร่วมกันของ girder–deck ให้ครบ แล้ว Calculate สำหรับ inputs ปัจจุบัน
Interior Girder 2,Left transition,Effective depth source,REVIEW,96,2.0,,Interior Girder 2 / ULS_Exterior and Interior I Girder_Load case U1A.xlsx [867d0786] / ULS_Exterior and Interior I Girder_Load case U1A / Interior Girder 2 / Max / set 1,ตรวจที่มาของ d/dv และข้อมูล composite/development ใน Depth note แล้วคำนวณใหม่
Interior Girder 2,Midspan,Longitudinal development,REVIEW,176,5.0,,Interior Girder 2 / ULS_Exterior and Interior I Girder_Load case U1A.xlsx [867d0786] / ULS_Exterior and Interior I Girder_Load case U1A / Interior Girder 2 / Max / set 1,ระบุ/ตรวจระยะพัฒนากำลังและ anchorage ของเหล็กคานและ deck จากแบบจริง แล้วคำนวณใหม่
Interior Girder 2,Midspan,Force concurrency,REVIEW,352,5.0,,Interior Girder 2 / ULS_Exterior and Interior I Girder_Load case U1A.xlsx [867d0786] / ULS_Exterior and Interior I Girder_Load case U1A / Interior Girder 2 / Max / set 1,"ตรวจชุด Mu, Nu, Vu, Tu ที่เกิดพร้อมกันจาก case/step/ตำแหน่งเดียวกัน และหลักฐาน CSI source; envelope ยังเป็น REVIEW"
Interior Girder 2,Midspan,Girder–deck interface,REVIEW,352,5.0,,Interior Girder 2 / ULS_Exterior and Interior I Girder_Load case U1A.xlsx [867d0786] / ULS_Exterior and Interior I Girder_Load case U1A / Interior Girder 2 / Max / set 1,ตรวจ interface shear และข้อมูลการทำงานร่วมกันของ girder–deck ให้ครบ แล้ว Calculate สำหรับ inputs ปัจจุบัน
Interior Girder 2,Midspan,Effective depth source,REVIEW,352,5.0,,Interior Girder 2 / ULS_Exterior and Interior I Girder_Load case U1A.xlsx [867d0786] / ULS_Exterior and Interior I Girder_Load case U1A / Interior Girder 2 / Max / set 1,ตรวจที่มาของ d/dv และข้อมูล composite/development ใน Depth note แล้วคำนวณใหม่
Interior Girder 2,Right transition,Longitudinal development,REVIEW,48,16.0,,Interior Girder 2 / ULS_Exterior and Interior I Girder_Load case U1A.xlsx [867d0786] / ULS_Exterior and Interior I Girder_Load case U1A / Interior Girder 2 / Max / set 1,ระบุ/ตรวจระยะพัฒนากำลังและ anchorage ของเหล็กคานและ deck จากแบบจริง แล้วคำนวณใหม่
Interior Girder 2,Right transition,Force concurrency,REVIEW,96,16.0,,Interior Girder 2 / ULS_Exterior and Interior I Girder_Load case U1A.xlsx [867d0786] / ULS_Exterior and Interior I Girder_Load case U1A / Interior Girder 2 / Max / set 1,"ตรวจชุด Mu, Nu, Vu, Tu ที่เกิดพร้อมกันจาก case/step/ตำแหน่งเดียวกัน และหลักฐาน CSI source; envelope ยังเป็น REVIEW"
Interior Girder 2,Right transition,Girder–deck interface,REVIEW,96,16.0,,Interior Girder 2 / ULS_Exterior and Interior I Girder_Load case U1A.xlsx [867d0786] / ULS_Exterior and Interior I Girder_Load case U1A / Interior Girder 2 / Max / set 1,ตรวจ interface shear และข้อมูลการทำงานร่วมกันของ girder–deck ให้ครบ แล้ว Calculate สำหรับ inputs ปัจจุบัน
Interior Girder 2,Right transition,Effective depth source,REVIEW,96,16.0,,Interior Girder 2 / ULS_Exterior and Interior I Girder_Load case U1A.xlsx [867d0786] / ULS_Exterior and Interior I Girder_Load case U1A / Interior Girder 2 / Max / set 1,ตรวจที่มาของ d/dv และข้อมูล composite/development ใน Depth note แล้วคำนวณใหม่
Interior Girder 2,Right support,Longitudinal development,REVIEW,24,19.0,,Interior Girder 2 / ULS_Exterior and Interior I Girder_Load case U1A.xlsx [867d0786] / ULS_Exterior and Interior I Girder_Load case U1A / Interior Girder 2 / Max / set 1,ระบุ/ตรวจระยะพัฒนากำลังและ anchorage ของเหล็กคานและ deck จากแบบจริง แล้วคำนวณใหม่
Interior Girder 2,Right support,Force concurrency,REVIEW,48,19.0,,Interior Girder 2 / ULS_Exterior and Interior I Girder_Load case U1A.xlsx [867d0786] / ULS_Exterior and Interior I Girder_Load case U1A / Interior Girder 2 / Max / set 1,"ตรวจชุด Mu, Nu, Vu, Tu ที่เกิดพร้อมกันจาก case/step/ตำแหน่งเดียวกัน และหลักฐาน CSI source; envelope ยังเป็น REVIEW"
Interior Girder 2,Right support,Girder–deck interface,REVIEW,48,19.0,,Interior Girder 2 / ULS_Exterior and Interior I Girder_Load case U1A.xlsx [867d0786] / ULS_Exterior and Interior I Girder_Load case U1A / Interior Girder 2 / Max / set 1,ตรวจ interface shear และข้อมูลการทำงานร่วมกันของ girder–deck ให้ครบ แล้ว Calculate สำหรับ inputs ปัจจุบัน
Interior Girder 2,Right support,Effective depth source,REVIEW,48,19.0,,Interior Girder 2 / ULS_Exterior and Interior I Girder_Load case U1A.xlsx [867d0786] / ULS_Exterior and Interior I Girder_Load case U1A / Interior Girder 2 / Max / set 1,ตรวจที่มาของ d/dv และข้อมูล composite/development ใน Depth note แล้วคำนวณใหม่
Interior Girder 2,Right support,Negative composite route,REVIEW,4,20.0,,Interior Girder 2 / ULS_Exterior and Interior I Girder_Load case U1A.xlsx [867d0786] / ULS_Exterior and Interior I Girder_Load case U1A / Interior Girder 2 / Min / set 1,ตรวจและยืนยันหน้าตัด composite ด้านแรงดึงบนและการพัฒนากำลัง deck; ผล force check อย่างเดียวไม่ยืนยัน negative composite flexure
Interior Girder 2,Right support,Additional Veff screen,REVIEW,1,19.0,1.0031417139643983,Interior Girder 2 / ULS_Exterior and Interior I Girder_Load case U2A.xlsx [dffd05f1] / ULS_Exterior and Interior I Girder_Load case U2A / Interior Girder 2 / Max / set 1,ตรวจ compression screen เพิ่มเติมตาม calculation trace; เป็นรายการ REVIEW แยกจาก code Stress D/C
Interior Girder 2,-,Force concurrency,REVIEW,21,1.0,,Interior Girder 2 / ULS_Exterior and Interior I Girder_Load case U1A.xlsx [867d0786] / ULS_Exterior and Interior I Girder_Load case U1A / Interior Girder 2 / Max / set 1,"ตรวจชุด Mu, Nu, Vu, Tu ที่เกิดพร้อมกันจาก case/step/ตำแหน่งเดียวกัน และหลักฐาน CSI source; envelope ยังเป็น REVIEW"
