Girder,Zone,V+T rows,FAIL rows,REVIEW rows,Sizing data missing,φTn D/C,Torsion spacing D/C,V+T transverse D/C,Longitudinal D/C,Stress D/C,Spacing D/C,Shear strength D/C,Shear minimum D/C,Transverse verification,Overall V+T
Left Exterior Girder,Left support,24,24,0,False,0.4053320384076603,0.1640419947506562,0.5899937154383765,1.0279514751157675,0.5252193369840429,0.1640419947506562,0.6164021504577766,0.06309658505891431,MEETS NUMERIC CHECKS,FAIL
Left Exterior Girder,Left transition,48,4,44,False,0.6719640488293849,0.2624671916010499,0.8966181185931063,1.0471794890972461,0.4454163967889458,0.2624671916010499,0.473458983470881,0.1009545360942629,MEETS NUMERIC CHECKS,FAIL
Left Exterior Girder,Midspan,176,3,173,False,0.5467189085063417,0.2624671916010499,0.6476734446006046,1.0291141108423294,0.2969406578331073,0.2624671916010499,0.3442070681136936,0.1009545360942629,MEETS NUMERIC CHECKS,FAIL
Left Exterior Girder,Right transition,48,0,48,False,0.401800052783777,0.1640419947506562,0.5039613481331177,0.9570678477514377,0.44882137038999786,0.1640419947506562,0.44882137038999786,0.06309658505891431,MEETS NUMERIC CHECKS,REVIEW
Left Exterior Girder,Right support,24,24,0,False,0.32509276750954336,0.22965879265091868,0.529989861357203,0.8948479184586894,0.5300433767100434,0.22965879265091868,0.5300433767100434,0.04968856073389502,MEETS NUMERIC CHECKS,FAIL
Interior Girder 2,Left support,24,24,0,False,0.4052626999609047,0.1640419947506562,0.9547563404308207,0.8833242605727415,0.47387230367622524,0.1640419947506562,0.5265480158349962,0.06309658505891431,MEETS NUMERIC CHECKS,FAIL
Interior Girder 2,Left transition,48,0,48,False,0.5324001386266596,0.2624671916010499,0.9233128253138708,0.8080995247774059,0.4068484170444954,0.2624671916010499,0.4159389489886896,0.1009545360942629,MEETS NUMERIC CHECKS,REVIEW
Interior Girder 2,Midspan,176,3,173,False,0.7417450122687521,0.2624671916010499,0.9790089472768416,1.058284775301562,0.27752401315336983,0.2624671916010499,0.3084396756936044,0.1009545360942629,MEETS NUMERIC CHECKS,FAIL
Interior Girder 2,Right transition,48,10,38,False,0.6431344351304208,0.1640419947506562,0.9827924036714217,1.1395850951903597,0.4068688296139277,0.1640419947506562,0.40686882961392773,0.06309658505891431,MEETS NUMERIC CHECKS,FAIL
Interior Girder 2,Right support,24,24,0,False,0.5470990974308427,0.22965879265091868,0.8873163820107156,1.143882200591827,0.47483758268071996,0.22965879265091868,0.47483758268071996,0.04968856073389502,MEETS NUMERIC CHECKS,FAIL
