station,Mn_with_Nu,Mn_Nu0,delta_pct
0.000 m,6978.836483979,6693.33622753,-4.090943484697062
1.000 m,6944.15853681,6693.33622753,-3.611989961784823
2.000 m,7613.009972425,7394.10125379,-2.8754555613076493
3.000 m,8540.883312503,8356.830155669,-2.154966296806371
4.000 m,9480.372950531,9343.031060043002,-1.4486971262064663
5.000 m,10445.243606271,10342.804781138,-0.9807222214664235
6.000 m,10413.632511816,10342.804781138,-0.6801443261766127
7.000 m,10385.637719905,10342.804781138,-0.41242473425494586
8.000 m,10363.048976005,10342.804781138,-0.19534979438845523
9.000 m,10354.260642119,10342.804781138,-0.11063910188235937
10.000 m,10354.172557193,10342.804781138,-0.10978932398709729
11.000 m,10357.248079643,10342.804781138,-0.13945112054801756
12.000 m,10360.532639455,10342.804781138,-0.17110952625628562
13.000 m,10363.928510568,10342.804781138,-0.20381971381275843
14.000 m,10367.179764637,10342.804781138,-0.2351168210871002
15.000 m,10370.370980721,10342.804781138,-0.26581690890563614
16.000 m,9372.547515072,9343.031060043002,-0.3149245707373738
17.000 m,8387.046291917,8356.830155669,-0.36027148529179653
18.000 m,7416.452113342,7394.10125379,-0.30136862222560623
19.000 m,6698.761714748,6693.33622753,-0.08099239007196557
20.000 m,6692.595621224,6693.33622753,0.011066054904773637
