Check,Status,Governing x,Case,Demand,Capacity,Utilization,Demand kN-m,Capacity kN-m,Utilization value,Capacity plot sign,Capacity basis,Route φ,Method,Mn nominal kN-m,φ value,φMn kN-m,D/C value,Bending direction,Tension face,Code basis,Strain compatibility basis,φ policy,Solver basis,Material model scope,Route,Benchmark readiness,Neutral axis c mm,Neutral axis θ deg,Notes
Flexure,PASS,0.000 m,ENV_ULS,334.56 kN-m,"φMn = 6,693.34 kN-m",0.050,334.5637,6693.33622753,0.04998459492053068,1.0,AASHTO LRFD flexure φ layer,φ = 1.00,AASHTO LRFD φ × nominal strain-compatibility Mn,6693.33622753,1.0,6693.33622753,0.04998459492053068,Sagging (+Mux),Bottom face,φMn — AASHTO LRFD,AASHTO LRFD-compatible strain compatibility,AASHTO LRFD prestressed flexure: φ = 1.00 applied to nominal Mn,Nominal Mn from section equilibrium / strain compatibility,"Concrete, ordinary rebar, and bonded prestress use the current section material models",AASHTO LRFD flexure route — prestressed concrete,"Benchmark against AASHTO/PCI or commercial girder software using Mn, φ, φMn, and D/C",168.87223620113053,90.0,"Primary Mux flexure only; AASHTO LRFD flexure route — prestressed concrete; Bridge prestressed concrete route: nominal Mn is solved from AASHTO LRFD-compatible section strain compatibility, then the AASHTO LRFD prestressed flexure resistance factor φ = 1.00 is applied.; Nominal Mn reused the solved PMM point cloud; no duplicate neutral-axis sweep was run."
Flexure,PASS,1.000 m,ENV_ULS,"1,425.26 kN-m","φMn = 6,693.34 kN-m",0.213,1425.2639,6693.33622753,0.2129377415910804,1.0,AASHTO LRFD flexure φ layer,φ = 1.00,AASHTO LRFD φ × nominal strain-compatibility Mn,6693.33622753,1.0,6693.33622753,0.2129377415910804,Sagging (+Mux),Bottom face,φMn — AASHTO LRFD,AASHTO LRFD-compatible strain compatibility,AASHTO LRFD prestressed flexure: φ = 1.00 applied to nominal Mn,Nominal Mn from section equilibrium / strain compatibility,"Concrete, ordinary rebar, and bonded prestress use the current section material models",AASHTO LRFD flexure route — prestressed concrete,"Benchmark against AASHTO/PCI or commercial girder software using Mn, φ, φMn, and D/C",168.87223620113053,90.0,"Primary Mux flexure only; AASHTO LRFD flexure route — prestressed concrete; Bridge prestressed concrete route: nominal Mn is solved from AASHTO LRFD-compatible section strain compatibility, then the AASHTO LRFD prestressed flexure resistance factor φ = 1.00 is applied.; Nominal Mn reused the solved PMM point cloud; no duplicate neutral-axis sweep was run.; Capacity-state cache reused from matching section/prestress state"
Flexure,PASS,2.000 m,ENV_ULS,"2,595.47 kN-m","φMn = 7,394.10 kN-m",0.351,2595.4702,7394.10125379,0.35101902326122975,1.0,AASHTO LRFD flexure φ layer,φ = 1.00,AASHTO LRFD φ × nominal strain-compatibility Mn,7394.10125379,1.0,7394.10125379,0.35101902326122975,Sagging (+Mux),Bottom face,φMn — AASHTO LRFD,AASHTO LRFD-compatible strain compatibility,AASHTO LRFD prestressed flexure: φ = 1.00 applied to nominal Mn,Nominal Mn from section equilibrium / strain compatibility,"Concrete, ordinary rebar, and bonded prestress use the current section material models",AASHTO LRFD flexure route — prestressed concrete,"Benchmark against AASHTO/PCI or commercial girder software using Mn, φ, φMn, and D/C",186.14190135145202,90.0,"Primary Mux flexure only; AASHTO LRFD flexure route — prestressed concrete; Bridge prestressed concrete route: nominal Mn is solved from AASHTO LRFD-compatible section strain compatibility, then the AASHTO LRFD prestressed flexure resistance factor φ = 1.00 is applied.; Nominal Mn reused the solved PMM point cloud; no duplicate neutral-axis sweep was run."
Flexure,PASS,3.000 m,ENV_ULS,"3,654.47 kN-m","φMn = 8,356.83 kN-m",0.437,3654.4701,8356.830155669,0.4373033832117465,1.0,AASHTO LRFD flexure φ layer,φ = 1.00,AASHTO LRFD φ × nominal strain-compatibility Mn,8356.830155669,1.0,8356.830155669,0.4373033832117465,Sagging (+Mux),Bottom face,φMn — AASHTO LRFD,AASHTO LRFD-compatible strain compatibility,AASHTO LRFD prestressed flexure: φ = 1.00 applied to nominal Mn,Nominal Mn from section equilibrium / strain compatibility,"Concrete, ordinary rebar, and bonded prestress use the current section material models",AASHTO LRFD flexure route — prestressed concrete,"Benchmark against AASHTO/PCI or commercial girder software using Mn, φ, φMn, and D/C",208.9360294895674,90.0,"Primary Mux flexure only; AASHTO LRFD flexure route — prestressed concrete; Bridge prestressed concrete route: nominal Mn is solved from AASHTO LRFD-compatible section strain compatibility, then the AASHTO LRFD prestressed flexure resistance factor φ = 1.00 is applied.; Nominal Mn reused the solved PMM point cloud; no duplicate neutral-axis sweep was run."
Flexure,PASS,4.000 m,ENV_ULS,"4,580.56 kN-m","φMn = 9,343.03 kN-m",0.490,4580.5599,9343.031060043002,0.49026486913754497,1.0,AASHTO LRFD flexure φ layer,φ = 1.00,AASHTO LRFD φ × nominal strain-compatibility Mn,9343.031060043002,1.0,9343.031060043002,0.49026486913754497,Sagging (+Mux),Bottom face,φMn — AASHTO LRFD,AASHTO LRFD-compatible strain compatibility,AASHTO LRFD prestressed flexure: φ = 1.00 applied to nominal Mn,Nominal Mn from section equilibrium / strain compatibility,"Concrete, ordinary rebar, and bonded prestress use the current section material models",AASHTO LRFD flexure route — prestressed concrete,"Benchmark against AASHTO/PCI or commercial girder software using Mn, φ, φMn, and D/C",231.37362360342152,90.0,"Primary Mux flexure only; AASHTO LRFD flexure route — prestressed concrete; Bridge prestressed concrete route: nominal Mn is solved from AASHTO LRFD-compatible section strain compatibility, then the AASHTO LRFD prestressed flexure resistance factor φ = 1.00 is applied.; Nominal Mn reused the solved PMM point cloud; no duplicate neutral-axis sweep was run."
Flexure,PASS,5.000 m,ENV_ULS,"5,371.94 kN-m","φMn = 10,342.80 kN-m",0.519,5371.943,10342.804781138,0.519389383602862,1.0,AASHTO LRFD flexure φ layer,φ = 1.00,AASHTO LRFD φ × nominal strain-compatibility Mn,10342.804781138,1.0,10342.804781138,0.519389383602862,Sagging (+Mux),Bottom face,φMn — AASHTO LRFD,AASHTO LRFD-compatible strain compatibility,AASHTO LRFD prestressed flexure: φ = 1.00 applied to nominal Mn,Nominal Mn from section equilibrium / strain compatibility,"Concrete, ordinary rebar, and bonded prestress use the current section material models",AASHTO LRFD flexure route — prestressed concrete,"Benchmark against AASHTO/PCI or commercial girder software using Mn, φ, φMn, and D/C",253.0966392367178,90.0,"Primary Mux flexure only; AASHTO LRFD flexure route — prestressed concrete; Bridge prestressed concrete route: nominal Mn is solved from AASHTO LRFD-compatible section strain compatibility, then the AASHTO LRFD prestressed flexure resistance factor φ = 1.00 is applied.; Nominal Mn reused the solved PMM point cloud; no duplicate neutral-axis sweep was run."
Flexure,PASS,6.000 m,ENV_ULS,"6,018.43 kN-m","φMn = 10,342.80 kN-m",0.582,6018.4309,10342.804781138,0.5818954362336715,1.0,AASHTO LRFD flexure φ layer,φ = 1.00,AASHTO LRFD φ × nominal strain-compatibility Mn,10342.804781138,1.0,10342.804781138,0.5818954362336715,Sagging (+Mux),Bottom face,φMn — AASHTO LRFD,AASHTO LRFD-compatible strain compatibility,AASHTO LRFD prestressed flexure: φ = 1.00 applied to nominal Mn,Nominal Mn from section equilibrium / strain compatibility,"Concrete, ordinary rebar, and bonded prestress use the current section material models",AASHTO LRFD flexure route — prestressed concrete,"Benchmark against AASHTO/PCI or commercial girder software using Mn, φ, φMn, and D/C",253.0966392367178,90.0,"Primary Mux flexure only; AASHTO LRFD flexure route — prestressed concrete; Bridge prestressed concrete route: nominal Mn is solved from AASHTO LRFD-compatible section strain compatibility, then the AASHTO LRFD prestressed flexure resistance factor φ = 1.00 is applied.; Nominal Mn reused the solved PMM point cloud; no duplicate neutral-axis sweep was run.; Capacity-state cache reused from matching section/prestress state"
Flexure,PASS,7.000 m,ENV_ULS,"6,524.71 kN-m","φMn = 10,342.80 kN-m",0.631,6524.7141,10342.804781138,0.6308457171983959,1.0,AASHTO LRFD flexure φ layer,φ = 1.00,AASHTO LRFD φ × nominal strain-compatibility Mn,10342.804781138,1.0,10342.804781138,0.6308457171983959,Sagging (+Mux),Bottom face,φMn — AASHTO LRFD,AASHTO LRFD-compatible strain compatibility,AASHTO LRFD prestressed flexure: φ = 1.00 applied to nominal Mn,Nominal Mn from section equilibrium / strain compatibility,"Concrete, ordinary rebar, and bonded prestress use the current section material models",AASHTO LRFD flexure route — prestressed concrete,"Benchmark against AASHTO/PCI or commercial girder software using Mn, φ, φMn, and D/C",253.0966392367178,90.0,"Primary Mux flexure only; AASHTO LRFD flexure route — prestressed concrete; Bridge prestressed concrete route: nominal Mn is solved from AASHTO LRFD-compatible section strain compatibility, then the AASHTO LRFD prestressed flexure resistance factor φ = 1.00 is applied.; Nominal Mn reused the solved PMM point cloud; no duplicate neutral-axis sweep was run.; Capacity-state cache reused from matching section/prestress state"
Flexure,PASS,8.000 m,ENV_ULS,"6,886.64 kN-m","φMn = 10,342.80 kN-m",0.666,6886.6406,10342.804781138,0.6658387880006255,1.0,AASHTO LRFD flexure φ layer,φ = 1.00,AASHTO LRFD φ × nominal strain-compatibility Mn,10342.804781138,1.0,10342.804781138,0.6658387880006255,Sagging (+Mux),Bottom face,φMn — AASHTO LRFD,AASHTO LRFD-compatible strain compatibility,AASHTO LRFD prestressed flexure: φ = 1.00 applied to nominal Mn,Nominal Mn from section equilibrium / strain compatibility,"Concrete, ordinary rebar, and bonded prestress use the current section material models",AASHTO LRFD flexure route — prestressed concrete,"Benchmark against AASHTO/PCI or commercial girder software using Mn, φ, φMn, and D/C",253.0966392367178,90.0,"Primary Mux flexure only; AASHTO LRFD flexure route — prestressed concrete; Bridge prestressed concrete route: nominal Mn is solved from AASHTO LRFD-compatible section strain compatibility, then the AASHTO LRFD prestressed flexure resistance factor φ = 1.00 is applied.; Nominal Mn reused the solved PMM point cloud; no duplicate neutral-axis sweep was run.; Capacity-state cache reused from matching section/prestress state"
Flexure,PASS,9.000 m,ENV_ULS,"7,108.11 kN-m","φMn = 10,342.80 kN-m",0.687,7108.1133,10342.804781138,0.6872520027606966,1.0,AASHTO LRFD flexure φ layer,φ = 1.00,AASHTO LRFD φ × nominal strain-compatibility Mn,10342.804781138,1.0,10342.804781138,0.6872520027606966,Sagging (+Mux),Bottom face,φMn — AASHTO LRFD,AASHTO LRFD-compatible strain compatibility,AASHTO LRFD prestressed flexure: φ = 1.00 applied to nominal Mn,Nominal Mn from section equilibrium / strain compatibility,"Concrete, ordinary rebar, and bonded prestress use the current section material models",AASHTO LRFD flexure route — prestressed concrete,"Benchmark against AASHTO/PCI or commercial girder software using Mn, φ, φMn, and D/C",253.0966392367178,90.0,"Primary Mux flexure only; AASHTO LRFD flexure route — prestressed concrete; Bridge prestressed concrete route: nominal Mn is solved from AASHTO LRFD-compatible section strain compatibility, then the AASHTO LRFD prestressed flexure resistance factor φ = 1.00 is applied.; Nominal Mn reused the solved PMM point cloud; no duplicate neutral-axis sweep was run.; Capacity-state cache reused from matching section/prestress state"
Flexure,PASS,10.000 m,ENV_ULS,"7,184.69 kN-m","φMn = 10,342.80 kN-m",0.695,7184.6936,10342.804781138,0.6946562128971635,1.0,AASHTO LRFD flexure φ layer,φ = 1.00,AASHTO LRFD φ × nominal strain-compatibility Mn,10342.804781138,1.0,10342.804781138,0.6946562128971635,Sagging (+Mux),Bottom face,φMn — AASHTO LRFD,AASHTO LRFD-compatible strain compatibility,AASHTO LRFD prestressed flexure: φ = 1.00 applied to nominal Mn,Nominal Mn from section equilibrium / strain compatibility,"Concrete, ordinary rebar, and bonded prestress use the current section material models",AASHTO LRFD flexure route — prestressed concrete,"Benchmark against AASHTO/PCI or commercial girder software using Mn, φ, φMn, and D/C",253.0966392367178,90.0,"Primary Mux flexure only; AASHTO LRFD flexure route — prestressed concrete; Bridge prestressed concrete route: nominal Mn is solved from AASHTO LRFD-compatible section strain compatibility, then the AASHTO LRFD prestressed flexure resistance factor φ = 1.00 is applied.; Nominal Mn reused the solved PMM point cloud; no duplicate neutral-axis sweep was run.; Capacity-state cache reused from matching section/prestress state"
Flexure,PASS,11.000 m,ENV_ULS,"7,123.44 kN-m","φMn = 10,342.80 kN-m",0.689,7123.4441,10342.804781138,0.6887342699333265,1.0,AASHTO LRFD flexure φ layer,φ = 1.00,AASHTO LRFD φ × nominal strain-compatibility Mn,10342.804781138,1.0,10342.804781138,0.6887342699333265,Sagging (+Mux),Bottom face,φMn — AASHTO LRFD,AASHTO LRFD-compatible strain compatibility,AASHTO LRFD prestressed flexure: φ = 1.00 applied to nominal Mn,Nominal Mn from section equilibrium / strain compatibility,"Concrete, ordinary rebar, and bonded prestress use the current section material models",AASHTO LRFD flexure route — prestressed concrete,"Benchmark against AASHTO/PCI or commercial girder software using Mn, φ, φMn, and D/C",253.0966392367178,90.0,"Primary Mux flexure only; AASHTO LRFD flexure route — prestressed concrete; Bridge prestressed concrete route: nominal Mn is solved from AASHTO LRFD-compatible section strain compatibility, then the AASHTO LRFD prestressed flexure resistance factor φ = 1.00 is applied.; Nominal Mn reused the solved PMM point cloud; no duplicate neutral-axis sweep was run.; Capacity-state cache reused from matching section/prestress state"
Flexure,PASS,12.000 m,ENV_ULS,"6,914.46 kN-m","φMn = 10,342.80 kN-m",0.669,6914.4629,10342.804781138,0.6685288030003032,1.0,AASHTO LRFD flexure φ layer,φ = 1.00,AASHTO LRFD φ × nominal strain-compatibility Mn,10342.804781138,1.0,10342.804781138,0.6685288030003032,Sagging (+Mux),Bottom face,φMn — AASHTO LRFD,AASHTO LRFD-compatible strain compatibility,AASHTO LRFD prestressed flexure: φ = 1.00 applied to nominal Mn,Nominal Mn from section equilibrium / strain compatibility,"Concrete, ordinary rebar, and bonded prestress use the current section material models",AASHTO LRFD flexure route — prestressed concrete,"Benchmark against AASHTO/PCI or commercial girder software using Mn, φ, φMn, and D/C",253.0966392367178,90.0,"Primary Mux flexure only; AASHTO LRFD flexure route — prestressed concrete; Bridge prestressed concrete route: nominal Mn is solved from AASHTO LRFD-compatible section strain compatibility, then the AASHTO LRFD prestressed flexure resistance factor φ = 1.00 is applied.; Nominal Mn reused the solved PMM point cloud; no duplicate neutral-axis sweep was run.; Capacity-state cache reused from matching section/prestress state"
Flexure,PASS,13.000 m,ENV_ULS,"6,562.86 kN-m","φMn = 10,342.80 kN-m",0.635,6562.8617,10342.804781138,0.6345340397382904,1.0,AASHTO LRFD flexure φ layer,φ = 1.00,AASHTO LRFD φ × nominal strain-compatibility Mn,10342.804781138,1.0,10342.804781138,0.6345340397382904,Sagging (+Mux),Bottom face,φMn — AASHTO LRFD,AASHTO LRFD-compatible strain compatibility,AASHTO LRFD prestressed flexure: φ = 1.00 applied to nominal Mn,Nominal Mn from section equilibrium / strain compatibility,"Concrete, ordinary rebar, and bonded prestress use the current section material models",AASHTO LRFD flexure route — prestressed concrete,"Benchmark against AASHTO/PCI or commercial girder software using Mn, φ, φMn, and D/C",253.0966392367178,90.0,"Primary Mux flexure only; AASHTO LRFD flexure route — prestressed concrete; Bridge prestressed concrete route: nominal Mn is solved from AASHTO LRFD-compatible section strain compatibility, then the AASHTO LRFD prestressed flexure resistance factor φ = 1.00 is applied.; Nominal Mn reused the solved PMM point cloud; no duplicate neutral-axis sweep was run.; Capacity-state cache reused from matching section/prestress state"
Flexure,PASS,14.000 m,ENV_ULS,"6,062.97 kN-m","φMn = 10,342.80 kN-m",0.586,6062.9656,10342.804781138,0.586201299192742,1.0,AASHTO LRFD flexure φ layer,φ = 1.00,AASHTO LRFD φ × nominal strain-compatibility Mn,10342.804781138,1.0,10342.804781138,0.586201299192742,Sagging (+Mux),Bottom face,φMn — AASHTO LRFD,AASHTO LRFD-compatible strain compatibility,AASHTO LRFD prestressed flexure: φ = 1.00 applied to nominal Mn,Nominal Mn from section equilibrium / strain compatibility,"Concrete, ordinary rebar, and bonded prestress use the current section material models",AASHTO LRFD flexure route — prestressed concrete,"Benchmark against AASHTO/PCI or commercial girder software using Mn, φ, φMn, and D/C",253.0966392367178,90.0,"Primary Mux flexure only; AASHTO LRFD flexure route — prestressed concrete; Bridge prestressed concrete route: nominal Mn is solved from AASHTO LRFD-compatible section strain compatibility, then the AASHTO LRFD prestressed flexure resistance factor φ = 1.00 is applied.; Nominal Mn reused the solved PMM point cloud; no duplicate neutral-axis sweep was run.; Capacity-state cache reused from matching section/prestress state"
Flexure,PASS,15.000 m,ENV_ULS,"5,416.24 kN-m","φMn = 10,342.80 kN-m",0.524,5416.2448,10342.804781138,0.5236727284921315,1.0,AASHTO LRFD flexure φ layer,φ = 1.00,AASHTO LRFD φ × nominal strain-compatibility Mn,10342.804781138,1.0,10342.804781138,0.5236727284921315,Sagging (+Mux),Bottom face,φMn — AASHTO LRFD,AASHTO LRFD-compatible strain compatibility,AASHTO LRFD prestressed flexure: φ = 1.00 applied to nominal Mn,Nominal Mn from section equilibrium / strain compatibility,"Concrete, ordinary rebar, and bonded prestress use the current section material models",AASHTO LRFD flexure route — prestressed concrete,"Benchmark against AASHTO/PCI or commercial girder software using Mn, φ, φMn, and D/C",253.0966392367178,90.0,"Primary Mux flexure only; AASHTO LRFD flexure route — prestressed concrete; Bridge prestressed concrete route: nominal Mn is solved from AASHTO LRFD-compatible section strain compatibility, then the AASHTO LRFD prestressed flexure resistance factor φ = 1.00 is applied.; Nominal Mn reused the solved PMM point cloud; no duplicate neutral-axis sweep was run.; Capacity-state cache reused from matching section/prestress state"
Flexure,PASS,16.000 m,ENV_ULS,"4,620.28 kN-m","φMn = 9,343.03 kN-m",0.495,4620.2828,9343.031060043002,0.49451647653826114,1.0,AASHTO LRFD flexure φ layer,φ = 1.00,AASHTO LRFD φ × nominal strain-compatibility Mn,9343.031060043002,1.0,9343.031060043002,0.49451647653826114,Sagging (+Mux),Bottom face,φMn — AASHTO LRFD,AASHTO LRFD-compatible strain compatibility,AASHTO LRFD prestressed flexure: φ = 1.00 applied to nominal Mn,Nominal Mn from section equilibrium / strain compatibility,"Concrete, ordinary rebar, and bonded prestress use the current section material models",AASHTO LRFD flexure route — prestressed concrete,"Benchmark against AASHTO/PCI or commercial girder software using Mn, φ, φMn, and D/C",231.37362360342152,90.0,"Primary Mux flexure only; AASHTO LRFD flexure route — prestressed concrete; Bridge prestressed concrete route: nominal Mn is solved from AASHTO LRFD-compatible section strain compatibility, then the AASHTO LRFD prestressed flexure resistance factor φ = 1.00 is applied.; Nominal Mn reused the solved PMM point cloud; no duplicate neutral-axis sweep was run.; Capacity-state cache reused from matching section/prestress state"
Flexure,PASS,17.000 m,ENV_ULS,"3,683.59 kN-m","φMn = 8,356.83 kN-m",0.441,3683.59,8356.830155669,0.4407879460732097,1.0,AASHTO LRFD flexure φ layer,φ = 1.00,AASHTO LRFD φ × nominal strain-compatibility Mn,8356.830155669,1.0,8356.830155669,0.4407879460732097,Sagging (+Mux),Bottom face,φMn — AASHTO LRFD,AASHTO LRFD-compatible strain compatibility,AASHTO LRFD prestressed flexure: φ = 1.00 applied to nominal Mn,Nominal Mn from section equilibrium / strain compatibility,"Concrete, ordinary rebar, and bonded prestress use the current section material models",AASHTO LRFD flexure route — prestressed concrete,"Benchmark against AASHTO/PCI or commercial girder software using Mn, φ, φMn, and D/C",208.9360294895674,90.0,"Primary Mux flexure only; AASHTO LRFD flexure route — prestressed concrete; Bridge prestressed concrete route: nominal Mn is solved from AASHTO LRFD-compatible section strain compatibility, then the AASHTO LRFD prestressed flexure resistance factor φ = 1.00 is applied.; Nominal Mn reused the solved PMM point cloud; no duplicate neutral-axis sweep was run.; Capacity-state cache reused from matching section/prestress state"
Flexure,PASS,18.000 m,ENV_ULS,"2,599.75 kN-m","φMn = 7,394.10 kN-m",0.352,2599.7459,7394.10125379,0.35159728150428643,1.0,AASHTO LRFD flexure φ layer,φ = 1.00,AASHTO LRFD φ × nominal strain-compatibility Mn,7394.10125379,1.0,7394.10125379,0.35159728150428643,Sagging (+Mux),Bottom face,φMn — AASHTO LRFD,AASHTO LRFD-compatible strain compatibility,AASHTO LRFD prestressed flexure: φ = 1.00 applied to nominal Mn,Nominal Mn from section equilibrium / strain compatibility,"Concrete, ordinary rebar, and bonded prestress use the current section material models",AASHTO LRFD flexure route — prestressed concrete,"Benchmark against AASHTO/PCI or commercial girder software using Mn, φ, φMn, and D/C",186.14190135145202,90.0,"Primary Mux flexure only; AASHTO LRFD flexure route — prestressed concrete; Bridge prestressed concrete route: nominal Mn is solved from AASHTO LRFD-compatible section strain compatibility, then the AASHTO LRFD prestressed flexure resistance factor φ = 1.00 is applied.; Nominal Mn reused the solved PMM point cloud; no duplicate neutral-axis sweep was run.; Capacity-state cache reused from matching section/prestress state"
Flexure,PASS,19.000 m,ENV_ULS,"1,377.34 kN-m","φMn = 6,693.34 kN-m",0.206,1377.3409,6693.33622753,0.2057779339300084,1.0,AASHTO LRFD flexure φ layer,φ = 1.00,AASHTO LRFD φ × nominal strain-compatibility Mn,6693.33622753,1.0,6693.33622753,0.2057779339300084,Sagging (+Mux),Bottom face,φMn — AASHTO LRFD,AASHTO LRFD-compatible strain compatibility,AASHTO LRFD prestressed flexure: φ = 1.00 applied to nominal Mn,Nominal Mn from section equilibrium / strain compatibility,"Concrete, ordinary rebar, and bonded prestress use the current section material models",AASHTO LRFD flexure route — prestressed concrete,"Benchmark against AASHTO/PCI or commercial girder software using Mn, φ, φMn, and D/C",168.87223620113053,90.0,"Primary Mux flexure only; AASHTO LRFD flexure route — prestressed concrete; Bridge prestressed concrete route: nominal Mn is solved from AASHTO LRFD-compatible section strain compatibility, then the AASHTO LRFD prestressed flexure resistance factor φ = 1.00 is applied.; Nominal Mn reused the solved PMM point cloud; no duplicate neutral-axis sweep was run.; Capacity-state cache reused from matching section/prestress state"
Flexure,PASS,20.000 m,ENV_ULS,4.47 kN-m,"φMn = 6,693.34 kN-m",0.001,4.4723,6693.33622753,0.0006681720218394564,1.0,AASHTO LRFD flexure φ layer,φ = 1.00,AASHTO LRFD φ × nominal strain-compatibility Mn,6693.33622753,1.0,6693.33622753,0.0006681720218394564,Sagging (+Mux),Bottom face,φMn — AASHTO LRFD,AASHTO LRFD-compatible strain compatibility,AASHTO LRFD prestressed flexure: φ = 1.00 applied to nominal Mn,Nominal Mn from section equilibrium / strain compatibility,"Concrete, ordinary rebar, and bonded prestress use the current section material models",AASHTO LRFD flexure route — prestressed concrete,"Benchmark against AASHTO/PCI or commercial girder software using Mn, φ, φMn, and D/C",168.87223620113053,90.0,"Primary Mux flexure only; AASHTO LRFD flexure route — prestressed concrete; Bridge prestressed concrete route: nominal Mn is solved from AASHTO LRFD-compatible section strain compatibility, then the AASHTO LRFD prestressed flexure resistance factor φ = 1.00 is applied.; Nominal Mn reused the solved PMM point cloud; no duplicate neutral-axis sweep was run.; Capacity-state cache reused from matching section/prestress state"
