Active,Station x (m),Case Name,Mux,Vuy,Tu,Muy,Vux,Nu,Note
True,0,Left Exterior Girder / ULS1,500.0,400.0,0.0,0.0,0.0,0.0,
True,1,Left Exterior Girder / ULS1,500.0,400.0,136.29641980802768,0.0,0.0,0.0,
True,2,Left Exterior Girder / ULS1,500.0,400.0,197.62486568826242,0.0,0.0,0.0,
True,3,Left Exterior Girder / ULS1,500.0,400.0,251.07463181483297,0.0,0.0,0.0,
True,4,Left Exterior Girder / ULS1,500.0,400.0,294.5148446827638,0.0,0.0,0.0,
True,5,Left Exterior Girder / ULS1,500.0,400.0,326.21368008852926,0.0,0.0,0.0,
True,6,Left Exterior Girder / ULS1,500.0,400.0,344.9074054959611,0.0,0.0,0.0,
True,7,Left Exterior Girder / ULS1,500.0,400.0,349.8507610645268,0.0,0.0,0.0,
True,8,Left Exterior Girder / ULS1,500.0,400.0,340.8466708073683,0.0,0.0,0.0,
True,9,Left Exterior Girder / ULS1,500.0,400.0,318.2540993889886,0.0,0.0,0.0,
True,10,Left Exterior Girder / ULS1,500.0,400.0,282.9737413368565,0.0,0.0,0.0,
True,11,Left Exterior Girder / ULS1,500.0,400.0,236.41211319290272,0.0,0.0,0.0,
True,12,Left Exterior Girder / ULS1,500.0,400.0,20.0,0.0,0.0,0.0,
True,13,Left Exterior Girder / ULS1,500.0,400.0,17.0,0.0,0.0,0.0,
True,14,Left Exterior Girder / ULS1,500.0,400.0,23.0,0.0,0.0,0.0,
True,15,Left Exterior Girder / ULS1,500.0,400.0,-20.43095019965303,0.0,0.0,0.0,
True,16,Left Exterior Girder / ULS1,500.0,400.0,-89.43938570939109,0.0,0.0,0.0,
True,17,Left Exterior Girder / ULS1,500.0,400.0,-154.88215515319837,0.0,0.0,0.0,
True,18,Left Exterior Girder / ULS1,500.0,400.0,-214.15026182995175,0.0,0.0,0.0,
True,19,Left Exterior Girder / ULS1,500.0,400.0,-264.8808733577749,0.0,0.0,0.0,
True,20,Left Exterior Girder / ULS1,500.0,400.0,0.02,0.0,0.0,0.0,
True,0,Left Exterior Girder / ULS2,500.0,260.0,0.0,0.0,0.0,0.0,
True,1,Left Exterior Girder / ULS2,500.0,260.0,88.592672875218,0.0,0.0,0.0,
True,2,Left Exterior Girder / ULS2,500.0,260.0,128.4561626973706,0.0,0.0,0.0,
True,3,Left Exterior Girder / ULS2,500.0,260.0,163.19851067964143,0.0,0.0,0.0,
True,4,Left Exterior Girder / ULS2,500.0,260.0,191.43464904379647,0.0,0.0,0.0,
True,5,Left Exterior Girder / ULS2,500.0,260.0,212.03889205754402,0.0,0.0,0.0,
True,6,Left Exterior Girder / ULS2,500.0,260.0,224.1898135723747,0.0,0.0,0.0,
True,7,Left Exterior Girder / ULS2,500.0,260.0,227.40299469194244,0.0,0.0,0.0,
True,8,Left Exterior Girder / ULS2,500.0,260.0,221.5503360247894,0.0,0.0,0.0,
True,9,Left Exterior Girder / ULS2,500.0,260.0,206.8651646028426,0.0,0.0,0.0,
True,10,Left Exterior Girder / ULS2,500.0,260.0,183.93293186895673,0.0,0.0,0.0,
True,11,Left Exterior Girder / ULS2,500.0,260.0,153.66787357538678,0.0,0.0,0.0,
True,12,Left Exterior Girder / ULS2,500.0,260.0,13.0,0.0,0.0,0.0,
True,13,Left Exterior Girder / ULS2,500.0,260.0,11.05,0.0,0.0,0.0,
True,14,Left Exterior Girder / ULS2,500.0,260.0,14.950000000000001,0.0,0.0,0.0,
True,15,Left Exterior Girder / ULS2,500.0,260.0,-13.28011762977447,0.0,0.0,0.0,
True,16,Left Exterior Girder / ULS2,500.0,260.0,-58.13560071110421,0.0,0.0,0.0,
True,17,Left Exterior Girder / ULS2,500.0,260.0,-100.67340084957894,0.0,0.0,0.0,
True,18,Left Exterior Girder / ULS2,500.0,260.0,-139.19767018946865,0.0,0.0,0.0,
True,19,Left Exterior Girder / ULS2,500.0,260.0,-172.17256768255368,0.0,0.0,0.0,
True,20,Left Exterior Girder / ULS2,500.0,260.0,0.013000000000000001,0.0,0.0,0.0,
